crop,region,kebele,year,mean_soil_moisture,dry_soil_days,dry_threshold,soil_moisture_std
"Corn, sweet",Oromia,7c4a7c99-436a-4ad3-93eb-75a098246cc0,2015,17.489575933237546,6,2.3376171588897705,4.051891514738563
"Corn, sweet",Oromia,7c4a7c99-436a-4ad3-93eb-75a098246cc0,2016,18.69960235754649,8,3.574060869216919,4.051891514738563
"Corn, sweet",Oromia,7c4a7c99-436a-4ad3-93eb-75a098246cc0,2017,15.06323143641154,8,2.37563533782959,4.051891514738563
"Corn, sweet",Oromia,7c4a7c99-436a-4ad3-93eb-75a098246cc0,2018,16.569972993554295,8,2.5811536073684693,4.051891514738563
"Corn, sweet",Oromia,7c4a7c99-436a-4ad3-93eb-75a098246cc0,2019,16.267930125868,8,3.1307897090911867,4.051891514738563
"Corn, sweet",Oromia,7c4a7c99-436a-4ad3-93eb-75a098246cc0,2020,16.273044656117758,8,1.8950894355773924,4.051891514738563
"Corn, sweet",Oromia,7c4a7c99-436a-4ad3-93eb-75a098246cc0,2021,12.37906571229299,8,2.2110448360443113,4.051891514738563
"Corn, sweet",Oromia,7c4a7c99-436a-4ad3-93eb-75a098246cc0,2022,5.905953080565841,0,1.7824561595916748,4.051891514738563
"Corn, sweet",Oromia,95d4ef76-ac56-4dd8-8bfe-40ddcdeea9d0,2015,17.489575933237546,6,2.3376171588897705,4.051891514738563
"Corn, sweet",Oromia,95d4ef76-ac56-4dd8-8bfe-40ddcdeea9d0,2016,18.69960235754649,8,3.574060869216919,4.051891514738563
"Corn, sweet",Oromia,95d4ef76-ac56-4dd8-8bfe-40ddcdeea9d0,2017,15.06323143641154,8,2.37563533782959,4.051891514738563
"Corn, sweet",Oromia,95d4ef76-ac56-4dd8-8bfe-40ddcdeea9d0,2018,16.569972993554295,8,2.5811536073684693,4.051891514738563
"Corn, sweet",Oromia,95d4ef76-ac56-4dd8-8bfe-40ddcdeea9d0,2019,16.267930125868,8,3.1307897090911867,4.051891514738563
"Corn, sweet",Oromia,95d4ef76-ac56-4dd8-8bfe-40ddcdeea9d0,2020,16.273044656117758,8,1.8950894355773924,4.051891514738563
"Corn, sweet",Oromia,95d4ef76-ac56-4dd8-8bfe-40ddcdeea9d0,2021,12.37906571229299,8,2.2110448360443113,4.051891514738563
"Corn, sweet",Oromia,95d4ef76-ac56-4dd8-8bfe-40ddcdeea9d0,2022,5.905953080565841,0,1.7824561595916748,4.051891514738563
Sorghum,Oromia,7c4a7c99-436a-4ad3-93eb-75a098246cc0,2015,16.445880574239812,7,2.445138931274414,3.8340786047747857
Sorghum,Oromia,7c4a7c99-436a-4ad3-93eb-75a098246cc0,2016,18.181137815289112,9,3.3480221271514896,3.8340786047747857
Sorghum,Oromia,7c4a7c99-436a-4ad3-93eb-75a098246cc0,2017,14.865375346150891,9,2.4078297138214113,3.8340786047747857
Sorghum,Oromia,7c4a7c99-436a-4ad3-93eb-75a098246cc0,2018,15.531924214856378,9,2.298850965499878,3.8340786047747857
Sorghum,Oromia,7c4a7c99-436a-4ad3-93eb-75a098246cc0,2019,15.71199207607357,9,2.5701731204986573,3.8340786047747857
Sorghum,Oromia,7c4a7c99-436a-4ad3-93eb-75a098246cc0,2020,15.89845009507804,9,1.8882935523986815,3.8340786047747857
Sorghum,Oromia,7c4a7c99-436a-4ad3-93eb-75a098246cc0,2021,12.645623671597448,9,2.196714925765991,3.8340786047747857
Sorghum,Oromia,7c4a7c99-436a-4ad3-93eb-75a098246cc0,2022,5.688926926830359,0,1.7824561595916748,3.8340786047747857
Sorghum,Oromia,95d4ef76-ac56-4dd8-8bfe-40ddcdeea9d0,2015,16.445880574239812,7,2.445138931274414,3.8340786047747857
Sorghum,Oromia,95d4ef76-ac56-4dd8-8bfe-40ddcdeea9d0,2016,18.181137815289112,9,3.3480221271514896,3.8340786047747857
Sorghum,Oromia,95d4ef76-ac56-4dd8-8bfe-40ddcdeea9d0,2017,14.865375346150891,9,2.4078297138214113,3.8340786047747857
Sorghum,Oromia,95d4ef76-ac56-4dd8-8bfe-40ddcdeea9d0,2018,15.531924214856378,9,2.298850965499878,3.8340786047747857
Sorghum,Oromia,95d4ef76-ac56-4dd8-8bfe-40ddcdeea9d0,2019,15.71199207607357,9,2.5701731204986573,3.8340786047747857
Sorghum,Oromia,95d4ef76-ac56-4dd8-8bfe-40ddcdeea9d0,2020,15.89845009507804,9,1.8882935523986815,3.8340786047747857
Sorghum,Oromia,95d4ef76-ac56-4dd8-8bfe-40ddcdeea9d0,2021,12.645623671597448,9,2.196714925765991,3.8340786047747857
Sorghum,Oromia,95d4ef76-ac56-4dd8-8bfe-40ddcdeea9d0,2022,5.688926926830359,0,1.7824561595916748,3.8340786047747857
Teff,Oromia,7c4a7c99-436a-4ad3-93eb-75a098246cc0,2015,17.287435745125386,7,5.737385272979736,4.398203481388036
Teff,Oromia,7c4a7c99-436a-4ad3-93eb-75a098246cc0,2016,22.124439951199204,7,15.649603843688965,4.398203481388036
Teff,Oromia,7c4a7c99-436a-4ad3-93eb-75a098246cc0,2017,17.9624681262409,7,6.188476085662842,4.398203481388036
Teff,Oromia,7c4a7c99-436a-4ad3-93eb-75a098246cc0,2018,19.140756891734565,7,9.680967140197755,4.398203481388036
Teff,Oromia,7c4a7c99-436a-4ad3-93eb-75a098246cc0,2019,19.201012974354757,7,9.264859580993651,4.398203481388036
Teff,Oromia,7c4a7c99-436a-4ad3-93eb-75a098246cc0,2020,19.995277760633783,7,10.707714462280276,4.398203481388036
Teff,Oromia,7c4a7c99-436a-4ad3-93eb-75a098246cc0,2021,15.470618865069222,7,4.344786834716797,4.398203481388036
Teff,Oromia,7c4a7c99-436a-4ad3-93eb-75a098246cc0,2022,7.599489021945644,4,2.0613109588623044,4.398203481388036
Teff,Oromia,95d4ef76-ac56-4dd8-8bfe-40ddcdeea9d0,2015,17.287435745125386,7,5.737385272979736,4.398203481388036
Teff,Oromia,95d4ef76-ac56-4dd8-8bfe-40ddcdeea9d0,2016,22.124439951199204,7,15.649603843688965,4.398203481388036
Teff,Oromia,95d4ef76-ac56-4dd8-8bfe-40ddcdeea9d0,2017,17.9624681262409,7,6.188476085662842,4.398203481388036
Teff,Oromia,95d4ef76-ac56-4dd8-8bfe-40ddcdeea9d0,2018,19.140756891734565,7,9.680967140197755,4.398203481388036
Teff,Oromia,95d4ef76-ac56-4dd8-8bfe-40ddcdeea9d0,2019,19.201012974354757,7,9.264859580993651,4.398203481388036
Teff,Oromia,95d4ef76-ac56-4dd8-8bfe-40ddcdeea9d0,2020,19.995277760633783,7,10.707714462280276,4.398203481388036
Teff,Oromia,95d4ef76-ac56-4dd8-8bfe-40ddcdeea9d0,2021,15.470618865069222,7,4.344786834716797,4.398203481388036
Teff,Oromia,95d4ef76-ac56-4dd8-8bfe-40ddcdeea9d0,2022,7.599489021945644,4,2.0613109588623044,4.398203481388036
"Wheat, bread",Oromia,7c4a7c99-436a-4ad3-93eb-75a098246cc0,2015,15.36333415819251,5,2.308284878730774,3.6100212417565203
"Wheat, bread",Oromia,7c4a7c99-436a-4ad3-93eb-75a098246cc0,2016,16.68513786600482,7,2.8949519634246825,3.6100212417565203
"Wheat, bread",Oromia,7c4a7c99-436a-4ad3-93eb-75a098246cc0,2017,12.057704429157445,6,2.3236920833587646,3.6100212417565203
"Wheat, bread",Oromia,7c4a7c99-436a-4ad3-93eb-75a098246cc0,2018,14.283551600671583,7,2.1217482328414916,3.6100212417565203
"Wheat, bread",Oromia,7c4a7c99-436a-4ad3-93eb-75a098246cc0,2019,13.49042732292606,7,2.181535911560059,3.6100212417565203
"Wheat, bread",Oromia,7c4a7c99-436a-4ad3-93eb-75a098246cc0,2020,13.794889696182743,7,1.8244455218315128,3.6100212417565203
"Wheat, bread",Oromia,7c4a7c99-436a-4ad3-93eb-75a098246cc0,2021,8.88141529481919,6,2.0687623023986816,3.6100212417565203
"Wheat, bread",Oromia,7c4a7c99-436a-4ad3-93eb-75a098246cc0,2022,5.688926926830359,0,1.7824561595916748,3.6100212417565203
"Wheat, bread",Oromia,95d4ef76-ac56-4dd8-8bfe-40ddcdeea9d0,2015,15.36333415819251,5,2.308284878730774,3.6100212417565203
"Wheat, bread",Oromia,95d4ef76-ac56-4dd8-8bfe-40ddcdeea9d0,2016,16.68513786600482,7,2.8949519634246825,3.6100212417565203
"Wheat, bread",Oromia,95d4ef76-ac56-4dd8-8bfe-40ddcdeea9d0,2017,12.057704429157445,6,2.3236920833587646,3.6100212417565203
"Wheat, bread",Oromia,95d4ef76-ac56-4dd8-8bfe-40ddcdeea9d0,2018,14.283551600671583,7,2.1217482328414916,3.6100212417565203
"Wheat, bread",Oromia,95d4ef76-ac56-4dd8-8bfe-40ddcdeea9d0,2019,13.49042732292606,7,2.181535911560059,3.6100212417565203
"Wheat, bread",Oromia,95d4ef76-ac56-4dd8-8bfe-40ddcdeea9d0,2020,13.794889696182743,7,1.8244455218315128,3.6100212417565203
"Wheat, bread",Oromia,95d4ef76-ac56-4dd8-8bfe-40ddcdeea9d0,2021,8.88141529481919,6,2.0687623023986816,3.6100212417565203
"Wheat, bread",Oromia,95d4ef76-ac56-4dd8-8bfe-40ddcdeea9d0,2022,5.688926926830359,0,1.7824561595916748,3.6100212417565203
"Wheat, bread",Oromia,7c4a7c99-436a-4ad3-93eb-75a098246cc0,2015,15.905097274637933,7,2.8926671981811523,1.8621131998232279
"Wheat, bread",Oromia,7c4a7c99-436a-4ad3-93eb-75a098246cc0,2016,18.06621229470666,7,4.967145347595215,1.8621131998232279
"Wheat, bread",Oromia,7c4a7c99-436a-4ad3-93eb-75a098246cc0,2017,16.857465601679106,7,3.0565596103668216,1.8621131998232279
"Wheat, bread",Oromia,7c4a7c99-436a-4ad3-93eb-75a098246cc0,2018,16.359982588711908,7,3.522657370567322,1.8621131998232279
"Wheat, bread",Oromia,7c4a7c99-436a-4ad3-93eb-75a098246cc0,2019,17.37362815017131,7,4.205811786651611,1.8621131998232279
"Wheat, bread",Oromia,7c4a7c99-436a-4ad3-93eb-75a098246cc0,2020,17.6063216373102,7,3.931038284301758,1.8621131998232279
"Wheat, bread",Oromia,7c4a7c99-436a-4ad3-93eb-75a098246cc0,2021,14.730509560499618,7,2.9569099426269534,1.8621131998232279
"Wheat, bread",Oromia,7c4a7c99-436a-4ad3-93eb-75a098246cc0,2022,12.360123970929314,2,5.17686996459961,1.8621131998232279
"Wheat, bread",Oromia,95d4ef76-ac56-4dd8-8bfe-40ddcdeea9d0,2015,15.905097274637933,7,2.8926671981811523,1.8621131998232279
"Wheat, bread",Oromia,95d4ef76-ac56-4dd8-8bfe-40ddcdeea9d0,2016,18.06621229470666,7,4.967145347595215,1.8621131998232279
"Wheat, bread",Oromia,95d4ef76-ac56-4dd8-8bfe-40ddcdeea9d0,2017,16.857465601679106,7,3.0565596103668216,1.8621131998232279
"Wheat, bread",Oromia,95d4ef76-ac56-4dd8-8bfe-40ddcdeea9d0,2018,16.359982588711908,7,3.522657370567322,1.8621131998232279
"Wheat, bread",Oromia,95d4ef76-ac56-4dd8-8bfe-40ddcdeea9d0,2019,17.37362815017131,7,4.205811786651611,1.8621131998232279
"Wheat, bread",Oromia,95d4ef76-ac56-4dd8-8bfe-40ddcdeea9d0,2020,17.6063216373102,7,3.931038284301758,1.8621131998232279
"Wheat, bread",Oromia,95d4ef76-ac56-4dd8-8bfe-40ddcdeea9d0,2021,14.730509560499618,7,2.9569099426269534,1.8621131998232279
"Wheat, bread",Oromia,95d4ef76-ac56-4dd8-8bfe-40ddcdeea9d0,2022,12.360123970929314,2,5.17686996459961,1.8621131998232279
"Wheat, durum",Oromia,7c4a7c99-436a-4ad3-93eb-75a098246cc0,2015,15.36333415819251,5,2.308284878730774,3.6100212417565203
"Wheat, durum",Oromia,7c4a7c99-436a-4ad3-93eb-75a098246cc0,2016,16.68513786600482,7,2.8949519634246825,3.6100212417565203
"Wheat, durum",Oromia,7c4a7c99-436a-4ad3-93eb-75a098246cc0,2017,12.057704429157445,6,2.3236920833587646,3.6100212417565203
"Wheat, durum",Oromia,7c4a7c99-436a-4ad3-93eb-75a098246cc0,2018,14.283551600671583,7,2.1217482328414916,3.6100212417565203
"Wheat, durum",Oromia,7c4a7c99-436a-4ad3-93eb-75a098246cc0,2019,13.49042732292606,7,2.181535911560059,3.6100212417565203
"Wheat, durum",Oromia,7c4a7c99-436a-4ad3-93eb-75a098246cc0,2020,13.794889696182743,7,1.8244455218315128,3.6100212417565203
"Wheat, durum",Oromia,7c4a7c99-436a-4ad3-93eb-75a098246cc0,2021,8.88141529481919,6,2.0687623023986816,3.6100212417565203
"Wheat, durum",Oromia,7c4a7c99-436a-4ad3-93eb-75a098246cc0,2022,5.688926926830359,0,1.7824561595916748,3.6100212417565203
"Wheat, durum",Oromia,95d4ef76-ac56-4dd8-8bfe-40ddcdeea9d0,2015,15.36333415819251,5,2.308284878730774,3.6100212417565203
"Wheat, durum",Oromia,95d4ef76-ac56-4dd8-8bfe-40ddcdeea9d0,2016,16.68513786600482,7,2.8949519634246825,3.6100212417565203
"Wheat, durum",Oromia,95d4ef76-ac56-4dd8-8bfe-40ddcdeea9d0,2017,12.057704429157445,6,2.3236920833587646,3.6100212417565203
"Wheat, durum",Oromia,95d4ef76-ac56-4dd8-8bfe-40ddcdeea9d0,2018,14.283551600671583,7,2.1217482328414916,3.6100212417565203
"Wheat, durum",Oromia,95d4ef76-ac56-4dd8-8bfe-40ddcdeea9d0,2019,13.49042732292606,7,2.181535911560059,3.6100212417565203
"Wheat, durum",Oromia,95d4ef76-ac56-4dd8-8bfe-40ddcdeea9d0,2020,13.794889696182743,7,1.8244455218315128,3.6100212417565203
"Wheat, durum",Oromia,95d4ef76-ac56-4dd8-8bfe-40ddcdeea9d0,2021,8.88141529481919,6,2.0687623023986816,3.6100212417565203
"Wheat, durum",Oromia,95d4ef76-ac56-4dd8-8bfe-40ddcdeea9d0,2022,5.688926926830359,0,1.7824561595916748,3.6100212417565203
"Wheat, durum",Oromia,7c4a7c99-436a-4ad3-93eb-75a098246cc0,2015,15.717256947739484,8,2.9011262893676752,2.6014258091435893
"Wheat, durum",Oromia,7c4a7c99-436a-4ad3-93eb-75a098246cc0,2016,17.91118054520594,8,5.182978820800781,2.6014258091435893
"Wheat, durum",Oromia,7c4a7c99-436a-4ad3-93eb-75a098246cc0,2017,16.632233880970578,8,3.2095767974853517,2.6014258091435893
"Wheat, durum",Oromia,7c4a7c99-436a-4ad3-93eb-75a098246cc0,2018,16.565570251361745,8,3.6581369638442998,2.6014258091435893
"Wheat, durum",Oromia,7c4a7c99-436a-4ad3-93eb-75a098246cc0,2019,17.022441370846472,8,4.313706970214843,2.6014258091435893
"Wheat, durum",Oromia,7c4a7c99-436a-4ad3-93eb-75a098246cc0,2020,17.55515292246048,8,4.205114841461182,2.6014258091435893
"Wheat, durum",Oromia,7c4a7c99-436a-4ad3-93eb-75a098246cc0,2021,13.893257266854587,8,3.1185043811798097,2.6014258091435893
"Wheat, durum",Oromia,7c4a7c99-436a-4ad3-93eb-75a098246cc0,2022,10.00611976955248,3,2.1794066905975344,2.6014258091435893
"Wheat, durum",Oromia,95d4ef76-ac56-4dd8-8bfe-40ddcdeea9d0,2015,15.717256947739484,8,2.9011262893676752,2.6014258091435893
"Wheat, durum",Oromia,95d4ef76-ac56-4dd8-8bfe-40ddcdeea9d0,2016,17.91118054520594,8,5.182978820800781,2.6014258091435893
"Wheat, durum",Oromia,95d4ef76-ac56-4dd8-8bfe-40ddcdeea9d0,2017,16.632233880970578,8,3.2095767974853517,2.6014258091435893
"Wheat, durum",Oromia,95d4ef76-ac56-4dd8-8bfe-40ddcdeea9d0,2018,16.565570251361745,8,3.6581369638442998,2.6014258091435893
"Wheat, durum",Oromia,95d4ef76-ac56-4dd8-8bfe-40ddcdeea9d0,2019,17.022441370846472,8,4.313706970214843,2.6014258091435893
"Wheat, durum",Oromia,95d4ef76-ac56-4dd8-8bfe-40ddcdeea9d0,2020,17.55515292246048,8,4.205114841461182,2.6014258091435893
"Wheat, durum",Oromia,95d4ef76-ac56-4dd8-8bfe-40ddcdeea9d0,2021,13.893257266854587,8,3.1185043811798097,2.6014258091435893
"Wheat, durum",Oromia,95d4ef76-ac56-4dd8-8bfe-40ddcdeea9d0,2022,10.00611976955248,3,2.1794066905975344,2.6014258091435893
Rice,Oromia,7c4a7c99-436a-4ad3-93eb-75a098246cc0,2015,19.075985738209315,6,7.699477195739746,3.346859450943439
Rice,Oromia,7c4a7c99-436a-4ad3-93eb-75a098246cc0,2016,21.222060544150217,6,12.83652639389038,3.346859450943439
Rice,Oromia,7c4a7c99-436a-4ad3-93eb-75a098246cc0,2017,20.13536799805505,6,10.670434951782227,3.346859450943439
Rice,Oromia,7c4a7c99-436a-4ad3-93eb-75a098246cc0,2018,20.000731928007944,6,8.300838947296143,3.346859450943439
Rice,Oromia,7c4a7c99-436a-4ad3-93eb-75a098246cc0,2019,20.569505308355605,6,10.529733657836914,3.346859450943439
Rice,Oromia,7c4a7c99-436a-4ad3-93eb-75a098246cc0,2020,21.05392028604235,6,11.52199935913086,3.346859450943439
Rice,Oromia,7c4a7c99-436a-4ad3-93eb-75a098246cc0,2021,17.054265439510345,6,6.3561272621154785,3.346859450943439
Rice,Oromia,7c4a7c99-436a-4ad3-93eb-75a098246cc0,2022,11.18519879579544,2,3.4266354560852053,3.346859450943439
Rice,Oromia,95d4ef76-ac56-4dd8-8bfe-40ddcdeea9d0,2015,19.075985738209315,6,7.699477195739746,3.346859450943439
Rice,Oromia,95d4ef76-ac56-4dd8-8bfe-40ddcdeea9d0,2016,21.222060544150217,6,12.83652639389038,3.346859450943439
Rice,Oromia,95d4ef76-ac56-4dd8-8bfe-40ddcdeea9d0,2017,20.13536799805505,6,10.670434951782227,3.346859450943439
Rice,Oromia,95d4ef76-ac56-4dd8-8bfe-40ddcdeea9d0,2018,20.000731928007944,6,8.300838947296143,3.346859450943439
Rice,Oromia,95d4ef76-ac56-4dd8-8bfe-40ddcdeea9d0,2019,20.569505308355605,6,10.529733657836914,3.346859450943439
Rice,Oromia,95d4ef76-ac56-4dd8-8bfe-40ddcdeea9d0,2020,21.05392028604235,6,11.52199935913086,3.346859450943439
Rice,Oromia,95d4ef76-ac56-4dd8-8bfe-40ddcdeea9d0,2021,17.054265439510345,6,6.3561272621154785,3.346859450943439
Rice,Oromia,95d4ef76-ac56-4dd8-8bfe-40ddcdeea9d0,2022,11.18519879579544,2,3.4266354560852053,3.346859450943439
"Wheat, Emmer",Oromia,7c4a7c99-436a-4ad3-93eb-75a098246cc0,2015,12.950492858886719,4,2.2808083057403565,3.449848628411818
"Wheat, Emmer",Oromia,7c4a7c99-436a-4ad3-93eb-75a098246cc0,2016,15.206860193666422,6,2.7779022693634032,3.449848628411818
"Wheat, Emmer",Oromia,7c4a7c99-436a-4ad3-93eb-75a098246cc0,2017,10.056005446416027,6,2.2978261470794683,3.449848628411818
"Wheat, Emmer",Oromia,7c4a7c99-436a-4ad3-93eb-75a098246cc0,2018,12.414177210825795,6,2.0566643238067632,3.449848628411818
"Wheat, Emmer",Oromia,7c4a7c99-436a-4ad3-93eb-75a098246cc0,2019,11.48200966951982,6,2.045161533355713,3.449848628411818
"Wheat, Emmer",Oromia,7c4a7c99-436a-4ad3-93eb-75a098246cc0,2020,11.862898952556106,6,1.8116944789886475,3.449848628411818
"Wheat, Emmer",Oromia,7c4a7c99-436a-4ad3-93eb-75a098246cc0,2021,6.786317544163398,6,2.061586856842041,3.449848628411818
"Wheat, Emmer",Oromia,7c4a7c99-436a-4ad3-93eb-75a098246cc0,2022,4.592010943394787,0,1.7824561595916748,3.449848628411818
"Wheat, Emmer",Oromia,95d4ef76-ac56-4dd8-8bfe-40ddcdeea9d0,2015,12.950492858886719,4,2.2808083057403565,3.449848628411818
"Wheat, Emmer",Oromia,95d4ef76-ac56-4dd8-8bfe-40ddcdeea9d0,2016,15.206860193666422,6,2.7779022693634032,3.449848628411818
"Wheat, Emmer",Oromia,95d4ef76-ac56-4dd8-8bfe-40ddcdeea9d0,2017,10.056005446416027,6,2.2978261470794683,3.449848628411818
"Wheat, Emmer",Oromia,95d4ef76-ac56-4dd8-8bfe-40ddcdeea9d0,2018,12.414177210825795,6,2.0566643238067632,3.449848628411818
"Wheat, Emmer",Oromia,95d4ef76-ac56-4dd8-8bfe-40ddcdeea9d0,2019,11.48200966951982,6,2.045161533355713,3.449848628411818
"Wheat, Emmer",Oromia,95d4ef76-ac56-4dd8-8bfe-40ddcdeea9d0,2020,11.862898952556106,6,1.8116944789886475,3.449848628411818
"Wheat, Emmer",Oromia,95d4ef76-ac56-4dd8-8bfe-40ddcdeea9d0,2021,6.786317544163398,6,2.061586856842041,3.449848628411818
"Wheat, Emmer",Oromia,95d4ef76-ac56-4dd8-8bfe-40ddcdeea9d0,2022,4.592010943394787,0,1.7824561595916748,3.449848628411818
Bean,Oromia,7c4a7c99-436a-4ad3-93eb-75a098246cc0,2015,17.489575933237546,6,2.3376171588897705,4.2105059399751275
Bean,Oromia,7c4a7c99-436a-4ad3-93eb-75a098246cc0,2016,19.852150276729038,7,6.264324378967286,4.2105059399751275
Bean,Oromia,7c4a7c99-436a-4ad3-93eb-75a098246cc0,2017,15.829053350857325,7,2.3839206218719484,4.2105059399751275
Bean,Oromia,7c4a7c99-436a-4ad3-93eb-75a098246cc0,2018,17.349194514751435,7,2.785973691940308,4.2105059399751275
Bean,Oromia,7c4a7c99-436a-4ad3-93eb-75a098246cc0,2019,17.031738424301146,7,4.219986701011658,4.2105059399751275
Bean,Oromia,7c4a7c99-436a-4ad3-93eb-75a098246cc0,2020,17.30092864888055,7,2.1392003536224364,4.2105059399751275
Bean,Oromia,7c4a7c99-436a-4ad3-93eb-75a098246cc0,2021,13.000922051497868,7,2.210601329803467,4.2105059399751275
Bean,Oromia,7c4a7c99-436a-4ad3-93eb-75a098246cc0,2022,6.235167138576507,5,1.831184709072113,4.2105059399751275
Bean,Oromia,95d4ef76-ac56-4dd8-8bfe-40ddcdeea9d0,2015,17.489575933237546,6,2.3376171588897705,4.2105059399751275
Bean,Oromia,95d4ef76-ac56-4dd8-8bfe-40ddcdeea9d0,2016,19.852150276729038,7,6.264324378967286,4.2105059399751275
Bean,Oromia,95d4ef76-ac56-4dd8-8bfe-40ddcdeea9d0,2017,15.829053350857325,7,2.3839206218719484,4.2105059399751275
Bean,Oromia,95d4ef76-ac56-4dd8-8bfe-40ddcdeea9d0,2018,17.349194514751435,7,2.785973691940308,4.2105059399751275
Bean,Oromia,95d4ef76-ac56-4dd8-8bfe-40ddcdeea9d0,2019,17.031738424301146,7,4.219986701011658,4.2105059399751275
Bean,Oromia,95d4ef76-ac56-4dd8-8bfe-40ddcdeea9d0,2020,17.30092864888055,7,2.1392003536224364,4.2105059399751275
Bean,Oromia,95d4ef76-ac56-4dd8-8bfe-40ddcdeea9d0,2021,13.000922051497868,7,2.210601329803467,4.2105059399751275
Bean,Oromia,95d4ef76-ac56-4dd8-8bfe-40ddcdeea9d0,2022,6.235167138576507,5,1.831184709072113,4.2105059399751275
Sweet potato,Oromia,7c4a7c99-436a-4ad3-93eb-75a098246cc0,2015,17.19884531121505,6,2.328697347640991,4.208096597529878
Sweet potato,Oromia,7c4a7c99-436a-4ad3-93eb-75a098246cc0,2016,19.95146369934082,7,5.989127016067508,4.208096597529878
Sweet potato,Oromia,7c4a7c99-436a-4ad3-93eb-75a098246cc0,2017,15.577049092640953,7,2.4813777923583986,4.208096597529878
Sweet potato,Oromia,7c4a7c99-436a-4ad3-93eb-75a098246cc0,2018,18.003465393232922,7,3.6381623268127448,4.208096597529878
Sweet potato,Oromia,7c4a7c99-436a-4ad3-93eb-75a098246cc0,2019,16.888325158506632,7,4.4904785633087165,4.208096597529878
Sweet potato,Oromia,7c4a7c99-436a-4ad3-93eb-75a098246cc0,2020,17.356516180559993,7,2.3090776681900023,4.208096597529878
Sweet potato,Oromia,7c4a7c99-436a-4ad3-93eb-75a098246cc0,2021,12.50732996161022,7,2.1855239868164062,4.208096597529878
Sweet potato,Oromia,7c4a7c99-436a-4ad3-93eb-75a098246cc0,2022,6.519382732979794,5,1.9215945243835448,4.208096597529878
Sweet potato,Oromia,95d4ef76-ac56-4dd8-8bfe-40ddcdeea9d0,2015,17.19884531121505,6,2.328697347640991,4.208096597529878
Sweet potato,Oromia,95d4ef76-ac56-4dd8-8bfe-40ddcdeea9d0,2016,19.95146369934082,7,5.989127016067508,4.208096597529878
Sweet potato,Oromia,95d4ef76-ac56-4dd8-8bfe-40ddcdeea9d0,2017,15.577049092640953,7,2.4813777923583986,4.208096597529878
Sweet potato,Oromia,95d4ef76-ac56-4dd8-8bfe-40ddcdeea9d0,2018,18.003465393232922,7,3.6381623268127448,4.208096597529878
Sweet potato,Oromia,95d4ef76-ac56-4dd8-8bfe-40ddcdeea9d0,2019,16.888325158506632,7,4.4904785633087165,4.208096597529878
Sweet potato,Oromia,95d4ef76-ac56-4dd8-8bfe-40ddcdeea9d0,2020,17.356516180559993,7,2.3090776681900023,4.208096597529878
Sweet potato,Oromia,95d4ef76-ac56-4dd8-8bfe-40ddcdeea9d0,2021,12.50732996161022,7,2.1855239868164062,4.208096597529878
Sweet potato,Oromia,95d4ef76-ac56-4dd8-8bfe-40ddcdeea9d0,2022,6.519382732979794,5,1.9215945243835448,4.208096597529878
Sweet potato,Oromia,7c4a7c99-436a-4ad3-93eb-75a098246cc0,2015,14.836382309595743,6,2.8749478340148924,1.108499069273387
Sweet potato,Oromia,7c4a7c99-436a-4ad3-93eb-75a098246cc0,2016,17.207270049212273,6,4.685477256774902,1.108499069273387
Sweet potato,Oromia,7c4a7c99-436a-4ad3-93eb-75a098246cc0,2017,16.347723341824715,6,2.719174909591675,1.108499069273387
Sweet potato,Oromia,7c4a7c99-436a-4ad3-93eb-75a098246cc0,2018,15.028637211898278,6,3.410205292701721,1.108499069273387
Sweet potato,Oromia,7c4a7c99-436a-4ad3-93eb-75a098246cc0,2019,16.62391624534339,6,4.071135711669922,1.108499069273387
Sweet potato,Oromia,7c4a7c99-436a-4ad3-93eb-75a098246cc0,2020,16.645110669888947,6,3.523722076416016,1.108499069273387
Sweet potato,Oromia,7c4a7c99-436a-4ad3-93eb-75a098246cc0,2021,15.425760580782304,6,2.717776155471802,1.108499069273387
Sweet potato,Oromia,7c4a7c99-436a-4ad3-93eb-75a098246cc0,2022,18.042548997061594,1,13.91738872528076,1.108499069273387
Sweet potato,Oromia,95d4ef76-ac56-4dd8-8bfe-40ddcdeea9d0,2015,14.836382309595743,6,2.8749478340148924,1.108499069273387
Sweet potato,Oromia,95d4ef76-ac56-4dd8-8bfe-40ddcdeea9d0,2016,17.207270049212273,6,4.685477256774902,1.108499069273387
Sweet potato,Oromia,95d4ef76-ac56-4dd8-8bfe-40ddcdeea9d0,2017,16.347723341824715,6,2.719174909591675,1.108499069273387
Sweet potato,Oromia,95d4ef76-ac56-4dd8-8bfe-40ddcdeea9d0,2018,15.028637211898278,6,3.410205292701721,1.108499069273387
Sweet potato,Oromia,95d4ef76-ac56-4dd8-8bfe-40ddcdeea9d0,2019,16.62391624534339,6,4.071135711669922,1.108499069273387
Sweet potato,Oromia,95d4ef76-ac56-4dd8-8bfe-40ddcdeea9d0,2020,16.645110669888947,6,3.523722076416016,1.108499069273387
Sweet potato,Oromia,95d4ef76-ac56-4dd8-8bfe-40ddcdeea9d0,2021,15.425760580782304,6,2.717776155471802,1.108499069273387
Sweet potato,Oromia,95d4ef76-ac56-4dd8-8bfe-40ddcdeea9d0,2022,18.042548997061594,1,13.91738872528076,1.108499069273387
"Bean, broad",Oromia,7c4a7c99-436a-4ad3-93eb-75a098246cc0,2015,13.879313468933105,4,2.296141171455383,3.3892570524221473
"Bean, broad",Oromia,7c4a7c99-436a-4ad3-93eb-75a098246cc0,2016,16.00561736497012,6,2.947769021987915,3.3892570524221473
"Bean, broad",Oromia,7c4a7c99-436a-4ad3-93eb-75a098246cc0,2017,11.001467631079933,6,2.304292631149292,3.3892570524221473
"Bean, broad",Oromia,7c4a7c99-436a-4ad3-93eb-75a098246cc0,2018,13.516981674092156,6,2.1229766607284546,3.3892570524221473
"Bean, broad",Oromia,7c4a7c99-436a-4ad3-93eb-75a098246cc0,2019,12.415382604165512,6,2.230172443389893,3.3892570524221473
"Bean, broad",Oromia,7c4a7c99-436a-4ad3-93eb-75a098246cc0,2020,12.778257981213656,6,1.842617416381836,3.3892570524221473
"Bean, broad",Oromia,7c4a7c99-436a-4ad3-93eb-75a098246cc0,2021,7.64995708248832,6,2.0905975341796874,3.3892570524221473
"Bean, broad",Oromia,7c4a7c99-436a-4ad3-93eb-75a098246cc0,2022,5.758685333388192,0,1.7824561595916748,3.3892570524221473
"Bean, broad",Oromia,95d4ef76-ac56-4dd8-8bfe-40ddcdeea9d0,2015,13.879313468933105,4,2.296141171455383,3.3892570524221473
"Bean, broad",Oromia,95d4ef76-ac56-4dd8-8bfe-40ddcdeea9d0,2016,16.00561736497012,6,2.947769021987915,3.3892570524221473
"Bean, broad",Oromia,95d4ef76-ac56-4dd8-8bfe-40ddcdeea9d0,2017,11.001467631079933,6,2.304292631149292,3.3892570524221473
"Bean, broad",Oromia,95d4ef76-ac56-4dd8-8bfe-40ddcdeea9d0,2018,13.516981674092156,6,2.1229766607284546,3.3892570524221473
"Bean, broad",Oromia,95d4ef76-ac56-4dd8-8bfe-40ddcdeea9d0,2019,12.415382604165512,6,2.230172443389893,3.3892570524221473
"Bean, broad",Oromia,95d4ef76-ac56-4dd8-8bfe-40ddcdeea9d0,2020,12.778257981213656,6,1.842617416381836,3.3892570524221473
"Bean, broad",Oromia,95d4ef76-ac56-4dd8-8bfe-40ddcdeea9d0,2021,7.64995708248832,6,2.0905975341796874,3.3892570524221473
"Bean, broad",Oromia,95d4ef76-ac56-4dd8-8bfe-40ddcdeea9d0,2022,5.758685333388192,0,1.7824561595916748,3.3892570524221473
"Bean, broad",Oromia,7c4a7c99-436a-4ad3-93eb-75a098246cc0,2015,15.717256947739484,8,2.9011262893676752,2.6014258091435893
"Bean, broad",Oromia,7c4a7c99-436a-4ad3-93eb-75a098246cc0,2016,17.91118054520594,8,5.182978820800781,2.6014258091435893
"Bean, broad",Oromia,7c4a7c99-436a-4ad3-93eb-75a098246cc0,2017,16.632233880970578,8,3.2095767974853517,2.6014258091435893
"Bean, broad",Oromia,7c4a7c99-436a-4ad3-93eb-75a098246cc0,2018,16.565570251361745,8,3.6581369638442998,2.6014258091435893
"Bean, broad",Oromia,7c4a7c99-436a-4ad3-93eb-75a098246cc0,2019,17.022441370846472,8,4.313706970214843,2.6014258091435893
"Bean, broad",Oromia,7c4a7c99-436a-4ad3-93eb-75a098246cc0,2020,17.55515292246048,8,4.205114841461182,2.6014258091435893
"Bean, broad",Oromia,7c4a7c99-436a-4ad3-93eb-75a098246cc0,2021,13.893257266854587,8,3.1185043811798097,2.6014258091435893
"Bean, broad",Oromia,7c4a7c99-436a-4ad3-93eb-75a098246cc0,2022,10.00611976955248,3,2.1794066905975344,2.6014258091435893
"Bean, broad",Oromia,95d4ef76-ac56-4dd8-8bfe-40ddcdeea9d0,2015,15.717256947739484,8,2.9011262893676752,2.6014258091435893
"Bean, broad",Oromia,95d4ef76-ac56-4dd8-8bfe-40ddcdeea9d0,2016,17.91118054520594,8,5.182978820800781,2.6014258091435893
"Bean, broad",Oromia,95d4ef76-ac56-4dd8-8bfe-40ddcdeea9d0,2017,16.632233880970578,8,3.2095767974853517,2.6014258091435893
"Bean, broad",Oromia,95d4ef76-ac56-4dd8-8bfe-40ddcdeea9d0,2018,16.565570251361745,8,3.6581369638442998,2.6014258091435893
"Bean, broad",Oromia,95d4ef76-ac56-4dd8-8bfe-40ddcdeea9d0,2019,17.022441370846472,8,4.313706970214843,2.6014258091435893
"Bean, broad",Oromia,95d4ef76-ac56-4dd8-8bfe-40ddcdeea9d0,2020,17.55515292246048,8,4.205114841461182,2.6014258091435893
"Bean, broad",Oromia,95d4ef76-ac56-4dd8-8bfe-40ddcdeea9d0,2021,13.893257266854587,8,3.1185043811798097,2.6014258091435893
"Bean, broad",Oromia,95d4ef76-ac56-4dd8-8bfe-40ddcdeea9d0,2022,10.00611976955248,3,2.1794066905975344,2.6014258091435893
Chick-pea,Oromia,7c4a7c99-436a-4ad3-93eb-75a098246cc0,2015,15.717256947739484,8,2.9011262893676752,2.6014258091435893
Chick-pea,Oromia,7c4a7c99-436a-4ad3-93eb-75a098246cc0,2016,17.91118054520594,8,5.182978820800781,2.6014258091435893
Chick-pea,Oromia,7c4a7c99-436a-4ad3-93eb-75a098246cc0,2017,16.632233880970578,8,3.2095767974853517,2.6014258091435893
Chick-pea,Oromia,7c4a7c99-436a-4ad3-93eb-75a098246cc0,2018,16.565570251361745,8,3.6581369638442998,2.6014258091435893
Chick-pea,Oromia,7c4a7c99-436a-4ad3-93eb-75a098246cc0,2019,17.022441370846472,8,4.313706970214843,2.6014258091435893
Chick-pea,Oromia,7c4a7c99-436a-4ad3-93eb-75a098246cc0,2020,17.55515292246048,8,4.205114841461182,2.6014258091435893
Chick-pea,Oromia,7c4a7c99-436a-4ad3-93eb-75a098246cc0,2021,13.893257266854587,8,3.1185043811798097,2.6014258091435893
Chick-pea,Oromia,7c4a7c99-436a-4ad3-93eb-75a098246cc0,2022,10.00611976955248,3,2.1794066905975344,2.6014258091435893
Chick-pea,Oromia,95d4ef76-ac56-4dd8-8bfe-40ddcdeea9d0,2015,15.717256947739484,8,2.9011262893676752,2.6014258091435893
Chick-pea,Oromia,95d4ef76-ac56-4dd8-8bfe-40ddcdeea9d0,2016,17.91118054520594,8,5.182978820800781,2.6014258091435893
Chick-pea,Oromia,95d4ef76-ac56-4dd8-8bfe-40ddcdeea9d0,2017,16.632233880970578,8,3.2095767974853517,2.6014258091435893
Chick-pea,Oromia,95d4ef76-ac56-4dd8-8bfe-40ddcdeea9d0,2018,16.565570251361745,8,3.6581369638442998,2.6014258091435893
Chick-pea,Oromia,95d4ef76-ac56-4dd8-8bfe-40ddcdeea9d0,2019,17.022441370846472,8,4.313706970214843,2.6014258091435893
Chick-pea,Oromia,95d4ef76-ac56-4dd8-8bfe-40ddcdeea9d0,2020,17.55515292246048,8,4.205114841461182,2.6014258091435893
Chick-pea,Oromia,95d4ef76-ac56-4dd8-8bfe-40ddcdeea9d0,2021,13.893257266854587,8,3.1185043811798097,2.6014258091435893
Chick-pea,Oromia,95d4ef76-ac56-4dd8-8bfe-40ddcdeea9d0,2022,10.00611976955248,3,2.1794066905975344,2.6014258091435893
Lentil,Oromia,7c4a7c99-436a-4ad3-93eb-75a098246cc0,2015,13.879313468933105,4,2.296141171455383,3.3892570524221473
Lentil,Oromia,7c4a7c99-436a-4ad3-93eb-75a098246cc0,2016,16.00561736497012,6,2.947769021987915,3.3892570524221473
Lentil,Oromia,7c4a7c99-436a-4ad3-93eb-75a098246cc0,2017,11.001467631079933,6,2.304292631149292,3.3892570524221473
Lentil,Oromia,7c4a7c99-436a-4ad3-93eb-75a098246cc0,2018,13.516981674092156,6,2.1229766607284546,3.3892570524221473
Lentil,Oromia,7c4a7c99-436a-4ad3-93eb-75a098246cc0,2019,12.415382604165512,6,2.230172443389893,3.3892570524221473
Lentil,Oromia,7c4a7c99-436a-4ad3-93eb-75a098246cc0,2020,12.778257981213656,6,1.842617416381836,3.3892570524221473
Lentil,Oromia,7c4a7c99-436a-4ad3-93eb-75a098246cc0,2021,7.64995708248832,6,2.0905975341796874,3.3892570524221473
Lentil,Oromia,7c4a7c99-436a-4ad3-93eb-75a098246cc0,2022,5.758685333388192,0,1.7824561595916748,3.3892570524221473
Lentil,Oromia,95d4ef76-ac56-4dd8-8bfe-40ddcdeea9d0,2015,13.879313468933105,4,2.296141171455383,3.3892570524221473
Lentil,Oromia,95d4ef76-ac56-4dd8-8bfe-40ddcdeea9d0,2016,16.00561736497012,6,2.947769021987915,3.3892570524221473
Lentil,Oromia,95d4ef76-ac56-4dd8-8bfe-40ddcdeea9d0,2017,11.001467631079933,6,2.304292631149292,3.3892570524221473
Lentil,Oromia,95d4ef76-ac56-4dd8-8bfe-40ddcdeea9d0,2018,13.516981674092156,6,2.1229766607284546,3.3892570524221473
Lentil,Oromia,95d4ef76-ac56-4dd8-8bfe-40ddcdeea9d0,2019,12.415382604165512,6,2.230172443389893,3.3892570524221473
Lentil,Oromia,95d4ef76-ac56-4dd8-8bfe-40ddcdeea9d0,2020,12.778257981213656,6,1.842617416381836,3.3892570524221473
Lentil,Oromia,95d4ef76-ac56-4dd8-8bfe-40ddcdeea9d0,2021,7.64995708248832,6,2.0905975341796874,3.3892570524221473
Lentil,Oromia,95d4ef76-ac56-4dd8-8bfe-40ddcdeea9d0,2022,5.758685333388192,0,1.7824561595916748,3.3892570524221473
Lentil,Oromia,7c4a7c99-436a-4ad3-93eb-75a098246cc0,2015,22.45539210563482,5,14.081570625305176,4.695756927010629
Lentil,Oromia,7c4a7c99-436a-4ad3-93eb-75a098246cc0,2016,23.324870198271995,5,16.031584167480467,4.695756927010629
Lentil,Oromia,7c4a7c99-436a-4ad3-93eb-75a098246cc0,2017,22.36794447344403,5,11.774073791503906,4.695756927010629
Lentil,Oromia,7c4a7c99-436a-4ad3-93eb-75a098246cc0,2018,23.351203696672307,5,18.57166748046875,4.695756927010629
Lentil,Oromia,7c4a7c99-436a-4ad3-93eb-75a098246cc0,2019,22.614370856174205,5,16.208715438842773,4.695756927010629
Lentil,Oromia,7c4a7c99-436a-4ad3-93eb-75a098246cc0,2020,23.35299627171006,5,18.471550750732423,4.695756927010629
Lentil,Oromia,7c4a7c99-436a-4ad3-93eb-75a098246cc0,2021,17.611370020134505,5,5.239686298370361,4.695756927010629
Lentil,Oromia,7c4a7c99-436a-4ad3-93eb-75a098246cc0,2022,10.00611976955248,3,2.1794066905975344,4.695756927010629
Lentil,Oromia,95d4ef76-ac56-4dd8-8bfe-40ddcdeea9d0,2015,22.45539210563482,5,14.081570625305176,4.695756927010629
Lentil,Oromia,95d4ef76-ac56-4dd8-8bfe-40ddcdeea9d0,2016,23.324870198271995,5,16.031584167480467,4.695756927010629
Lentil,Oromia,95d4ef76-ac56-4dd8-8bfe-40ddcdeea9d0,2017,22.36794447344403,5,11.774073791503906,4.695756927010629
Lentil,Oromia,95d4ef76-ac56-4dd8-8bfe-40ddcdeea9d0,2018,23.351203696672307,5,18.57166748046875,4.695756927010629
Lentil,Oromia,95d4ef76-ac56-4dd8-8bfe-40ddcdeea9d0,2019,22.614370856174205,5,16.208715438842773,4.695756927010629
Lentil,Oromia,95d4ef76-ac56-4dd8-8bfe-40ddcdeea9d0,2020,23.35299627171006,5,18.471550750732423,4.695756927010629
Lentil,Oromia,95d4ef76-ac56-4dd8-8bfe-40ddcdeea9d0,2021,17.611370020134505,5,5.239686298370361,4.695756927010629
Lentil,Oromia,95d4ef76-ac56-4dd8-8bfe-40ddcdeea9d0,2022,10.00611976955248,3,2.1794066905975344,4.695756927010629
"Pea, dry",Oromia,7c4a7c99-436a-4ad3-93eb-75a098246cc0,2015,13.879313468933105,4,2.296141171455383,3.3892570524221473
"Pea, dry",Oromia,7c4a7c99-436a-4ad3-93eb-75a098246cc0,2016,16.00561736497012,6,2.947769021987915,3.3892570524221473
"Pea, dry",Oromia,7c4a7c99-436a-4ad3-93eb-75a098246cc0,2017,11.001467631079933,6,2.304292631149292,3.3892570524221473
"Pea, dry",Oromia,7c4a7c99-436a-4ad3-93eb-75a098246cc0,2018,13.516981674092156,6,2.1229766607284546,3.3892570524221473
"Pea, dry",Oromia,7c4a7c99-436a-4ad3-93eb-75a098246cc0,2019,12.415382604165512,6,2.230172443389893,3.3892570524221473
"Pea, dry",Oromia,7c4a7c99-436a-4ad3-93eb-75a098246cc0,2020,12.778257981213656,6,1.842617416381836,3.3892570524221473
"Pea, dry",Oromia,7c4a7c99-436a-4ad3-93eb-75a098246cc0,2021,7.64995708248832,6,2.0905975341796874,3.3892570524221473
"Pea, dry",Oromia,7c4a7c99-436a-4ad3-93eb-75a098246cc0,2022,5.758685333388192,0,1.7824561595916748,3.3892570524221473
"Pea, dry",Oromia,95d4ef76-ac56-4dd8-8bfe-40ddcdeea9d0,2015,13.879313468933105,4,2.296141171455383,3.3892570524221473
"Pea, dry",Oromia,95d4ef76-ac56-4dd8-8bfe-40ddcdeea9d0,2016,16.00561736497012,6,2.947769021987915,3.3892570524221473
"Pea, dry",Oromia,95d4ef76-ac56-4dd8-8bfe-40ddcdeea9d0,2017,11.001467631079933,6,2.304292631149292,3.3892570524221473
"Pea, dry",Oromia,95d4ef76-ac56-4dd8-8bfe-40ddcdeea9d0,2018,13.516981674092156,6,2.1229766607284546,3.3892570524221473
"Pea, dry",Oromia,95d4ef76-ac56-4dd8-8bfe-40ddcdeea9d0,2019,12.415382604165512,6,2.230172443389893,3.3892570524221473
"Pea, dry",Oromia,95d4ef76-ac56-4dd8-8bfe-40ddcdeea9d0,2020,12.778257981213656,6,1.842617416381836,3.3892570524221473
"Pea, dry",Oromia,95d4ef76-ac56-4dd8-8bfe-40ddcdeea9d0,2021,7.64995708248832,6,2.0905975341796874,3.3892570524221473
"Pea, dry",Oromia,95d4ef76-ac56-4dd8-8bfe-40ddcdeea9d0,2022,5.758685333388192,0,1.7824561595916748,3.3892570524221473
"Pea, dry",Oromia,7c4a7c99-436a-4ad3-93eb-75a098246cc0,2015,15.717256947739484,8,2.9011262893676752,2.6014258091435893
"Pea, dry",Oromia,7c4a7c99-436a-4ad3-93eb-75a098246cc0,2016,17.91118054520594,8,5.182978820800781,2.6014258091435893
"Pea, dry",Oromia,7c4a7c99-436a-4ad3-93eb-75a098246cc0,2017,16.632233880970578,8,3.2095767974853517,2.6014258091435893
"Pea, dry",Oromia,7c4a7c99-436a-4ad3-93eb-75a098246cc0,2018,16.565570251361745,8,3.6581369638442998,2.6014258091435893
"Pea, dry",Oromia,7c4a7c99-436a-4ad3-93eb-75a098246cc0,2019,17.022441370846472,8,4.313706970214843,2.6014258091435893
"Pea, dry",Oromia,7c4a7c99-436a-4ad3-93eb-75a098246cc0,2020,17.55515292246048,8,4.205114841461182,2.6014258091435893
"Pea, dry",Oromia,7c4a7c99-436a-4ad3-93eb-75a098246cc0,2021,13.893257266854587,8,3.1185043811798097,2.6014258091435893
"Pea, dry",Oromia,7c4a7c99-436a-4ad3-93eb-75a098246cc0,2022,10.00611976955248,3,2.1794066905975344,2.6014258091435893
"Pea, dry",Oromia,95d4ef76-ac56-4dd8-8bfe-40ddcdeea9d0,2015,15.717256947739484,8,2.9011262893676752,2.6014258091435893
"Pea, dry",Oromia,95d4ef76-ac56-4dd8-8bfe-40ddcdeea9d0,2016,17.91118054520594,8,5.182978820800781,2.6014258091435893
"Pea, dry",Oromia,95d4ef76-ac56-4dd8-8bfe-40ddcdeea9d0,2017,16.632233880970578,8,3.2095767974853517,2.6014258091435893
"Pea, dry",Oromia,95d4ef76-ac56-4dd8-8bfe-40ddcdeea9d0,2018,16.565570251361745,8,3.6581369638442998,2.6014258091435893
"Pea, dry",Oromia,95d4ef76-ac56-4dd8-8bfe-40ddcdeea9d0,2019,17.022441370846472,8,4.313706970214843,2.6014258091435893
"Pea, dry",Oromia,95d4ef76-ac56-4dd8-8bfe-40ddcdeea9d0,2020,17.55515292246048,8,4.205114841461182,2.6014258091435893
"Pea, dry",Oromia,95d4ef76-ac56-4dd8-8bfe-40ddcdeea9d0,2021,13.893257266854587,8,3.1185043811798097,2.6014258091435893
"Pea, dry",Oromia,95d4ef76-ac56-4dd8-8bfe-40ddcdeea9d0,2022,10.00611976955248,3,2.1794066905975344,2.6014258091435893
"Mustard, Ethiopian",Oromia,7c4a7c99-436a-4ad3-93eb-75a098246cc0,2015,13.879313468933105,4,2.296141171455383,3.7936567650276185
"Mustard, Ethiopian",Oromia,7c4a7c99-436a-4ad3-93eb-75a098246cc0,2016,18.117697492558907,5,3.8799510002136226,3.7936567650276185
"Mustard, Ethiopian",Oromia,7c4a7c99-436a-4ad3-93eb-75a098246cc0,2017,12.264001019457554,5,2.3379481315612796,3.7936567650276185
"Mustard, Ethiopian",Oromia,7c4a7c99-436a-4ad3-93eb-75a098246cc0,2018,15.61664432921308,5,2.6095242977142337,3.7936567650276185
"Mustard, Ethiopian",Oromia,7c4a7c99-436a-4ad3-93eb-75a098246cc0,2019,13.912547055711137,5,3.208787345886231,3.7936567650276185
"Mustard, Ethiopian",Oromia,7c4a7c99-436a-4ad3-93eb-75a098246cc0,2020,14.631285806919665,5,2.011879825592041,3.7936567650276185
"Mustard, Ethiopian",Oromia,7c4a7c99-436a-4ad3-93eb-75a098246cc0,2021,8.423033640739765,5,2.1015151500701905,3.7936567650276185
"Mustard, Ethiopian",Oromia,7c4a7c99-436a-4ad3-93eb-75a098246cc0,2022,6.519382732979794,5,1.9215945243835448,3.7936567650276185
"Mustard, Ethiopian",Oromia,95d4ef76-ac56-4dd8-8bfe-40ddcdeea9d0,2015,13.879313468933105,4,2.296141171455383,3.7936567650276185
"Mustard, Ethiopian",Oromia,95d4ef76-ac56-4dd8-8bfe-40ddcdeea9d0,2016,18.117697492558907,5,3.8799510002136226,3.7936567650276185
"Mustard, Ethiopian",Oromia,95d4ef76-ac56-4dd8-8bfe-40ddcdeea9d0,2017,12.264001019457554,5,2.3379481315612796,3.7936567650276185
"Mustard, Ethiopian",Oromia,95d4ef76-ac56-4dd8-8bfe-40ddcdeea9d0,2018,15.61664432921308,5,2.6095242977142337,3.7936567650276185
"Mustard, Ethiopian",Oromia,95d4ef76-ac56-4dd8-8bfe-40ddcdeea9d0,2019,13.912547055711137,5,3.208787345886231,3.7936567650276185
"Mustard, Ethiopian",Oromia,95d4ef76-ac56-4dd8-8bfe-40ddcdeea9d0,2020,14.631285806919665,5,2.011879825592041,3.7936567650276185
"Mustard, Ethiopian",Oromia,95d4ef76-ac56-4dd8-8bfe-40ddcdeea9d0,2021,8.423033640739765,5,2.1015151500701905,3.7936567650276185
"Mustard, Ethiopian",Oromia,95d4ef76-ac56-4dd8-8bfe-40ddcdeea9d0,2022,6.519382732979794,5,1.9215945243835448,3.7936567650276185
"Mustard, Ethiopian",Oromia,7c4a7c99-436a-4ad3-93eb-75a098246cc0,2015,15.717256947739484,8,2.9011262893676752,2.6014258091435893
"Mustard, Ethiopian",Oromia,7c4a7c99-436a-4ad3-93eb-75a098246cc0,2016,17.91118054520594,8,5.182978820800781,2.6014258091435893
"Mustard, Ethiopian",Oromia,7c4a7c99-436a-4ad3-93eb-75a098246cc0,2017,16.632233880970578,8,3.2095767974853517,2.6014258091435893
"Mustard, Ethiopian",Oromia,7c4a7c99-436a-4ad3-93eb-75a098246cc0,2018,16.565570251361745,8,3.6581369638442998,2.6014258091435893
"Mustard, Ethiopian",Oromia,7c4a7c99-436a-4ad3-93eb-75a098246cc0,2019,17.022441370846472,8,4.313706970214843,2.6014258091435893
"Mustard, Ethiopian",Oromia,7c4a7c99-436a-4ad3-93eb-75a098246cc0,2020,17.55515292246048,8,4.205114841461182,2.6014258091435893
"Mustard, Ethiopian",Oromia,7c4a7c99-436a-4ad3-93eb-75a098246cc0,2021,13.893257266854587,8,3.1185043811798097,2.6014258091435893
"Mustard, Ethiopian",Oromia,7c4a7c99-436a-4ad3-93eb-75a098246cc0,2022,10.00611976955248,3,2.1794066905975344,2.6014258091435893
"Mustard, Ethiopian",Oromia,95d4ef76-ac56-4dd8-8bfe-40ddcdeea9d0,2015,15.717256947739484,8,2.9011262893676752,2.6014258091435893
"Mustard, Ethiopian",Oromia,95d4ef76-ac56-4dd8-8bfe-40ddcdeea9d0,2016,17.91118054520594,8,5.182978820800781,2.6014258091435893
"Mustard, Ethiopian",Oromia,95d4ef76-ac56-4dd8-8bfe-40ddcdeea9d0,2017,16.632233880970578,8,3.2095767974853517,2.6014258091435893
"Mustard, Ethiopian",Oromia,95d4ef76-ac56-4dd8-8bfe-40ddcdeea9d0,2018,16.565570251361745,8,3.6581369638442998,2.6014258091435893
"Mustard, Ethiopian",Oromia,95d4ef76-ac56-4dd8-8bfe-40ddcdeea9d0,2019,17.022441370846472,8,4.313706970214843,2.6014258091435893
"Mustard, Ethiopian",Oromia,95d4ef76-ac56-4dd8-8bfe-40ddcdeea9d0,2020,17.55515292246048,8,4.205114841461182,2.6014258091435893
"Mustard, Ethiopian",Oromia,95d4ef76-ac56-4dd8-8bfe-40ddcdeea9d0,2021,13.893257266854587,8,3.1185043811798097,2.6014258091435893
"Mustard, Ethiopian",Oromia,95d4ef76-ac56-4dd8-8bfe-40ddcdeea9d0,2022,10.00611976955248,3,2.1794066905975344,2.6014258091435893
Safflower,Oromia,7c4a7c99-436a-4ad3-93eb-75a098246cc0,2015,18.268161761956137,6,6.0307135581970215,3.4734577537670845
Safflower,Oromia,7c4a7c99-436a-4ad3-93eb-75a098246cc0,2016,20.423673309263634,6,10.581501960754396,3.4734577537670845
Safflower,Oromia,7c4a7c99-436a-4ad3-93eb-75a098246cc0,2017,19.565488330523173,6,9.791946601867675,3.4734577537670845
Safflower,Oromia,7c4a7c99-436a-4ad3-93eb-75a098246cc0,2018,19.320977867626752,6,7.886574268341064,3.4734577537670845
Safflower,Oromia,7c4a7c99-436a-4ad3-93eb-75a098246cc0,2019,19.540321678411765,6,9.153915405273438,3.4734577537670845
Safflower,Oromia,7c4a7c99-436a-4ad3-93eb-75a098246cc0,2020,20.23611264150651,6,10.266571998596191,3.4734577537670845
Safflower,Oromia,7c4a7c99-436a-4ad3-93eb-75a098246cc0,2021,16.25175247192383,6,5.270121908187866,3.4734577537670845
Safflower,Oromia,7c4a7c99-436a-4ad3-93eb-75a098246cc0,2022,10.00611976955248,3,2.1794066905975344,3.4734577537670845
Safflower,Oromia,95d4ef76-ac56-4dd8-8bfe-40ddcdeea9d0,2015,18.268161761956137,6,6.0307135581970215,3.4734577537670845
Safflower,Oromia,95d4ef76-ac56-4dd8-8bfe-40ddcdeea9d0,2016,20.423673309263634,6,10.581501960754396,3.4734577537670845
Safflower,Oromia,95d4ef76-ac56-4dd8-8bfe-40ddcdeea9d0,2017,19.565488330523173,6,9.791946601867675,3.4734577537670845
Safflower,Oromia,95d4ef76-ac56-4dd8-8bfe-40ddcdeea9d0,2018,19.320977867626752,6,7.886574268341064,3.4734577537670845
Safflower,Oromia,95d4ef76-ac56-4dd8-8bfe-40ddcdeea9d0,2019,19.540321678411765,6,9.153915405273438,3.4734577537670845
Safflower,Oromia,95d4ef76-ac56-4dd8-8bfe-40ddcdeea9d0,2020,20.23611264150651,6,10.266571998596191,3.4734577537670845
Safflower,Oromia,95d4ef76-ac56-4dd8-8bfe-40ddcdeea9d0,2021,16.25175247192383,6,5.270121908187866,3.4734577537670845
Safflower,Oromia,95d4ef76-ac56-4dd8-8bfe-40ddcdeea9d0,2022,10.00611976955248,3,2.1794066905975344,3.4734577537670845
Safflower,Oromia,7c4a7c99-436a-4ad3-93eb-75a098246cc0,2015,13.879313468933105,4,2.296141171455383,3.7084829336118004
Safflower,Oromia,7c4a7c99-436a-4ad3-93eb-75a098246cc0,2016,17.66748656058798,5,3.8992652893066406,3.7084829336118004
Safflower,Oromia,7c4a7c99-436a-4ad3-93eb-75a098246cc0,2017,11.855097736631121,5,2.2850090980529787,3.7084829336118004
Safflower,Oromia,7c4a7c99-436a-4ad3-93eb-75a098246cc0,2018,15.069933864535118,5,2.238647937774658,3.7084829336118004
Safflower,Oromia,7c4a7c99-436a-4ad3-93eb-75a098246cc0,2019,13.617809227534703,5,3.26078577041626,3.7084829336118004
Safflower,Oromia,7c4a7c99-436a-4ad3-93eb-75a098246cc0,2020,14.114247752695668,5,1.9000831604003905,3.7084829336118004
Safflower,Oromia,7c4a7c99-436a-4ad3-93eb-75a098246cc0,2021,8.17189229994404,5,2.112432765960693,3.7084829336118004
Safflower,Oromia,7c4a7c99-436a-4ad3-93eb-75a098246cc0,2022,6.326038791208851,5,1.8731163263320922,3.7084829336118004
Safflower,Oromia,95d4ef76-ac56-4dd8-8bfe-40ddcdeea9d0,2015,13.879313468933105,4,2.296141171455383,3.7084829336118004
Safflower,Oromia,95d4ef76-ac56-4dd8-8bfe-40ddcdeea9d0,2016,17.66748656058798,5,3.8992652893066406,3.7084829336118004
Safflower,Oromia,95d4ef76-ac56-4dd8-8bfe-40ddcdeea9d0,2017,11.855097736631121,5,2.2850090980529787,3.7084829336118004
Safflower,Oromia,95d4ef76-ac56-4dd8-8bfe-40ddcdeea9d0,2018,15.069933864535118,5,2.238647937774658,3.7084829336118004
Safflower,Oromia,95d4ef76-ac56-4dd8-8bfe-40ddcdeea9d0,2019,13.617809227534703,5,3.26078577041626,3.7084829336118004
Safflower,Oromia,95d4ef76-ac56-4dd8-8bfe-40ddcdeea9d0,2020,14.114247752695668,5,1.9000831604003905,3.7084829336118004
Safflower,Oromia,95d4ef76-ac56-4dd8-8bfe-40ddcdeea9d0,2021,8.17189229994404,5,2.112432765960693,3.7084829336118004
Safflower,Oromia,95d4ef76-ac56-4dd8-8bfe-40ddcdeea9d0,2022,6.326038791208851,5,1.8731163263320922,3.7084829336118004
Sesame,Oromia,7c4a7c99-436a-4ad3-93eb-75a098246cc0,2015,18.089356737752116,7,5.830679607391358,4.5908104385373365
Sesame,Oromia,7c4a7c99-436a-4ad3-93eb-75a098246cc0,2016,22.65101889641054,7,17.371243286132813,4.5908104385373365
Sesame,Oromia,7c4a7c99-436a-4ad3-93eb-75a098246cc0,2017,18.320590859367734,7,5.7997846603393555,4.5908104385373365
Sesame,Oromia,7c4a7c99-436a-4ad3-93eb-75a098246cc0,2018,19.788421400131718,7,9.752791118621825,4.5908104385373365
Sesame,Oromia,7c4a7c99-436a-4ad3-93eb-75a098246cc0,2019,19.7557599852162,7,9.172406101226807,4.5908104385373365
Sesame,Oromia,7c4a7c99-436a-4ad3-93eb-75a098246cc0,2020,20.534395140986287,7,10.348828220367432,4.5908104385373365
Sesame,Oromia,7c4a7c99-436a-4ad3-93eb-75a098246cc0,2021,15.717717200990707,7,4.318727207183838,4.5908104385373365
Sesame,Oromia,7c4a7c99-436a-4ad3-93eb-75a098246cc0,2022,7.599489021945644,4,2.0613109588623044,4.5908104385373365
Sesame,Oromia,95d4ef76-ac56-4dd8-8bfe-40ddcdeea9d0,2015,18.089356737752116,7,5.830679607391358,4.5908104385373365
Sesame,Oromia,95d4ef76-ac56-4dd8-8bfe-40ddcdeea9d0,2016,22.65101889641054,7,17.371243286132813,4.5908104385373365
Sesame,Oromia,95d4ef76-ac56-4dd8-8bfe-40ddcdeea9d0,2017,18.320590859367734,7,5.7997846603393555,4.5908104385373365
Sesame,Oromia,95d4ef76-ac56-4dd8-8bfe-40ddcdeea9d0,2018,19.788421400131718,7,9.752791118621825,4.5908104385373365
Sesame,Oromia,95d4ef76-ac56-4dd8-8bfe-40ddcdeea9d0,2019,19.7557599852162,7,9.172406101226807,4.5908104385373365
Sesame,Oromia,95d4ef76-ac56-4dd8-8bfe-40ddcdeea9d0,2020,20.534395140986287,7,10.348828220367432,4.5908104385373365
Sesame,Oromia,95d4ef76-ac56-4dd8-8bfe-40ddcdeea9d0,2021,15.717717200990707,7,4.318727207183838,4.5908104385373365
Sesame,Oromia,95d4ef76-ac56-4dd8-8bfe-40ddcdeea9d0,2022,7.599489021945644,4,2.0613109588623044,4.5908104385373365
Soybean,Oromia,7c4a7c99-436a-4ad3-93eb-75a098246cc0,2015,11.007861256599426,4,2.255253529548645,3.798871889979713
Soybean,Oromia,7c4a7c99-436a-4ad3-93eb-75a098246cc0,2016,16.160558258614888,4,3.8220081329345694,3.798871889979713
Soybean,Oromia,7c4a7c99-436a-4ad3-93eb-75a098246cc0,2017,9.213420478309073,4,2.2596068382263184,3.798871889979713
Soybean,Oromia,7c4a7c99-436a-4ad3-93eb-75a098246cc0,2018,12.530075564617064,4,2.124512195587158,3.798871889979713
Soybean,Oromia,7c4a7c99-436a-4ad3-93eb-75a098246cc0,2019,11.33651790386293,4,3.0527920722961426,3.798871889979713
Soybean,Oromia,7c4a7c99-436a-4ad3-93eb-75a098246cc0,2020,11.922951747731465,4,1.8900957107543943,3.798871889979713
Soybean,Oromia,7c4a7c99-436a-4ad3-93eb-75a098246cc0,2021,6.287871892859296,4,2.0687623023986816,3.798871889979713
Soybean,Oromia,7c4a7c99-436a-4ad3-93eb-75a098246cc0,2022,3.9585950403678707,0,1.7824561595916748,3.798871889979713
Soybean,Oromia,95d4ef76-ac56-4dd8-8bfe-40ddcdeea9d0,2015,11.007861256599426,4,2.255253529548645,3.798871889979713
Soybean,Oromia,95d4ef76-ac56-4dd8-8bfe-40ddcdeea9d0,2016,16.160558258614888,4,3.8220081329345694,3.798871889979713
Soybean,Oromia,95d4ef76-ac56-4dd8-8bfe-40ddcdeea9d0,2017,9.213420478309073,4,2.2596068382263184,3.798871889979713
Soybean,Oromia,95d4ef76-ac56-4dd8-8bfe-40ddcdeea9d0,2018,12.530075564617064,4,2.124512195587158,3.798871889979713
Soybean,Oromia,95d4ef76-ac56-4dd8-8bfe-40ddcdeea9d0,2019,11.33651790386293,4,3.0527920722961426,3.798871889979713
Soybean,Oromia,95d4ef76-ac56-4dd8-8bfe-40ddcdeea9d0,2020,11.922951747731465,4,1.8900957107543943,3.798871889979713
Soybean,Oromia,95d4ef76-ac56-4dd8-8bfe-40ddcdeea9d0,2021,6.287871892859296,4,2.0687623023986816,3.798871889979713
Soybean,Oromia,95d4ef76-ac56-4dd8-8bfe-40ddcdeea9d0,2022,3.9585950403678707,0,1.7824561595916748,3.798871889979713
Soybean,Oromia,7c4a7c99-436a-4ad3-93eb-75a098246cc0,2015,15.958818223327398,7,2.8920623779296872,1.3533833645806908
Soybean,Oromia,7c4a7c99-436a-4ad3-93eb-75a098246cc0,2016,18.053515058010817,7,4.887466144561768,1.3533833645806908
Soybean,Oromia,7c4a7c99-436a-4ad3-93eb-75a098246cc0,2017,17.029530774630032,7,2.9982232570648195,1.3533833645806908
Soybean,Oromia,7c4a7c99-436a-4ad3-93eb-75a098246cc0,2018,16.06516795525184,7,3.4759785652160646,1.3533833645806908
Soybean,Oromia,7c4a7c99-436a-4ad3-93eb-75a098246cc0,2019,17.335222620517015,7,4.158377313613892,1.3533833645806908
Soybean,Oromia,7c4a7c99-436a-4ad3-93eb-75a098246cc0,2020,17.51813792064786,7,3.7781726837158205,1.3533833645806908
Soybean,Oromia,7c4a7c99-436a-4ad3-93eb-75a098246cc0,2021,14.99769869034107,7,2.899232339859009,1.3533833645806908
Soybean,Oromia,7c4a7c99-436a-4ad3-93eb-75a098246cc0,2022,14.098785400390625,2,8.677902889251708,1.3533833645806908
Soybean,Oromia,95d4ef76-ac56-4dd8-8bfe-40ddcdeea9d0,2015,15.958818223327398,7,2.8920623779296872,1.3533833645806908
Soybean,Oromia,95d4ef76-ac56-4dd8-8bfe-40ddcdeea9d0,2016,18.053515058010817,7,4.887466144561768,1.3533833645806908
Soybean,Oromia,95d4ef76-ac56-4dd8-8bfe-40ddcdeea9d0,2017,17.029530774630032,7,2.9982232570648195,1.3533833645806908
Soybean,Oromia,95d4ef76-ac56-4dd8-8bfe-40ddcdeea9d0,2018,16.06516795525184,7,3.4759785652160646,1.3533833645806908
Soybean,Oromia,95d4ef76-ac56-4dd8-8bfe-40ddcdeea9d0,2019,17.335222620517015,7,4.158377313613892,1.3533833645806908
Soybean,Oromia,95d4ef76-ac56-4dd8-8bfe-40ddcdeea9d0,2020,17.51813792064786,7,3.7781726837158205,1.3533833645806908
Soybean,Oromia,95d4ef76-ac56-4dd8-8bfe-40ddcdeea9d0,2021,14.99769869034107,7,2.899232339859009,1.3533833645806908
Soybean,Oromia,95d4ef76-ac56-4dd8-8bfe-40ddcdeea9d0,2022,14.098785400390625,2,8.677902889251708,1.3533833645806908
Oil flax,Oromia,7c4a7c99-436a-4ad3-93eb-75a098246cc0,2015,13.879313468933105,4,2.296141171455383,3.3892570524221473
Oil flax,Oromia,7c4a7c99-436a-4ad3-93eb-75a098246cc0,2016,16.00561736497012,6,2.947769021987915,3.3892570524221473
Oil flax,Oromia,7c4a7c99-436a-4ad3-93eb-75a098246cc0,2017,11.001467631079933,6,2.304292631149292,3.3892570524221473
Oil flax,Oromia,7c4a7c99-436a-4ad3-93eb-75a098246cc0,2018,13.516981674092156,6,2.1229766607284546,3.3892570524221473
Oil flax,Oromia,7c4a7c99-436a-4ad3-93eb-75a098246cc0,2019,12.415382604165512,6,2.230172443389893,3.3892570524221473
Oil flax,Oromia,7c4a7c99-436a-4ad3-93eb-75a098246cc0,2020,12.778257981213656,6,1.842617416381836,3.3892570524221473
Oil flax,Oromia,7c4a7c99-436a-4ad3-93eb-75a098246cc0,2021,7.64995708248832,6,2.0905975341796874,3.3892570524221473
Oil flax,Oromia,7c4a7c99-436a-4ad3-93eb-75a098246cc0,2022,5.758685333388192,0,1.7824561595916748,3.3892570524221473
Oil flax,Oromia,95d4ef76-ac56-4dd8-8bfe-40ddcdeea9d0,2015,13.879313468933105,4,2.296141171455383,3.3892570524221473
Oil flax,Oromia,95d4ef76-ac56-4dd8-8bfe-40ddcdeea9d0,2016,16.00561736497012,6,2.947769021987915,3.3892570524221473
Oil flax,Oromia,95d4ef76-ac56-4dd8-8bfe-40ddcdeea9d0,2017,11.001467631079933,6,2.304292631149292,3.3892570524221473
Oil flax,Oromia,95d4ef76-ac56-4dd8-8bfe-40ddcdeea9d0,2018,13.516981674092156,6,2.1229766607284546,3.3892570524221473
Oil flax,Oromia,95d4ef76-ac56-4dd8-8bfe-40ddcdeea9d0,2019,12.415382604165512,6,2.230172443389893,3.3892570524221473
Oil flax,Oromia,95d4ef76-ac56-4dd8-8bfe-40ddcdeea9d0,2020,12.778257981213656,6,1.842617416381836,3.3892570524221473
Oil flax,Oromia,95d4ef76-ac56-4dd8-8bfe-40ddcdeea9d0,2021,7.64995708248832,6,2.0905975341796874,3.3892570524221473
Oil flax,Oromia,95d4ef76-ac56-4dd8-8bfe-40ddcdeea9d0,2022,5.758685333388192,0,1.7824561595916748,3.3892570524221473
Oil flax,Oromia,7c4a7c99-436a-4ad3-93eb-75a098246cc0,2015,15.717256947739484,8,2.9011262893676752,2.6014258091435893
Oil flax,Oromia,7c4a7c99-436a-4ad3-93eb-75a098246cc0,2016,17.91118054520594,8,5.182978820800781,2.6014258091435893
Oil flax,Oromia,7c4a7c99-436a-4ad3-93eb-75a098246cc0,2017,16.632233880970578,8,3.2095767974853517,2.6014258091435893
Oil flax,Oromia,7c4a7c99-436a-4ad3-93eb-75a098246cc0,2018,16.565570251361745,8,3.6581369638442998,2.6014258091435893
Oil flax,Oromia,7c4a7c99-436a-4ad3-93eb-75a098246cc0,2019,17.022441370846472,8,4.313706970214843,2.6014258091435893
Oil flax,Oromia,7c4a7c99-436a-4ad3-93eb-75a098246cc0,2020,17.55515292246048,8,4.205114841461182,2.6014258091435893
Oil flax,Oromia,7c4a7c99-436a-4ad3-93eb-75a098246cc0,2021,13.893257266854587,8,3.1185043811798097,2.6014258091435893
Oil flax,Oromia,7c4a7c99-436a-4ad3-93eb-75a098246cc0,2022,10.00611976955248,3,2.1794066905975344,2.6014258091435893
Oil flax,Oromia,95d4ef76-ac56-4dd8-8bfe-40ddcdeea9d0,2015,15.717256947739484,8,2.9011262893676752,2.6014258091435893
Oil flax,Oromia,95d4ef76-ac56-4dd8-8bfe-40ddcdeea9d0,2016,17.91118054520594,8,5.182978820800781,2.6014258091435893
Oil flax,Oromia,95d4ef76-ac56-4dd8-8bfe-40ddcdeea9d0,2017,16.632233880970578,8,3.2095767974853517,2.6014258091435893
Oil flax,Oromia,95d4ef76-ac56-4dd8-8bfe-40ddcdeea9d0,2018,16.565570251361745,8,3.6581369638442998,2.6014258091435893
Oil flax,Oromia,95d4ef76-ac56-4dd8-8bfe-40ddcdeea9d0,2019,17.022441370846472,8,4.313706970214843,2.6014258091435893
Oil flax,Oromia,95d4ef76-ac56-4dd8-8bfe-40ddcdeea9d0,2020,17.55515292246048,8,4.205114841461182,2.6014258091435893
Oil flax,Oromia,95d4ef76-ac56-4dd8-8bfe-40ddcdeea9d0,2021,13.893257266854587,8,3.1185043811798097,2.6014258091435893
Oil flax,Oromia,95d4ef76-ac56-4dd8-8bfe-40ddcdeea9d0,2022,10.00611976955248,3,2.1794066905975344,2.6014258091435893
Carrot,Oromia,7c4a7c99-436a-4ad3-93eb-75a098246cc0,2015,13.721340973298629,9,2.3376171588897705,2.943181153611973
Carrot,Oromia,7c4a7c99-436a-4ad3-93eb-75a098246cc0,2016,14.463867914578147,12,2.7530412673950195,2.943181153611973
Carrot,Oromia,7c4a7c99-436a-4ad3-93eb-75a098246cc0,2017,11.700331154933645,12,1.9571433067321775,2.943181153611973
Carrot,Oromia,7c4a7c99-436a-4ad3-93eb-75a098246cc0,2018,12.129215491599725,13,1.943384385108948,2.943181153611973
Carrot,Oromia,7c4a7c99-436a-4ad3-93eb-75a098246cc0,2019,12.45994859687553,12,1.9413535594940183,2.943181153611973
Carrot,Oromia,7c4a7c99-436a-4ad3-93eb-75a098246cc0,2020,12.621618702391947,12,1.801712989807129,2.943181153611973
Carrot,Oromia,7c4a7c99-436a-4ad3-93eb-75a098246cc0,2021,10.059864156502337,12,1.9940992593765257,2.943181153611973
Carrot,Oromia,7c4a7c99-436a-4ad3-93eb-75a098246cc0,2022,5.001470965398869,0,1.7824561595916748,2.943181153611973
Carrot,Oromia,95d4ef76-ac56-4dd8-8bfe-40ddcdeea9d0,2015,13.721340973298629,9,2.3376171588897705,2.943181153611973
Carrot,Oromia,95d4ef76-ac56-4dd8-8bfe-40ddcdeea9d0,2016,14.463867914578147,12,2.7530412673950195,2.943181153611973
Carrot,Oromia,95d4ef76-ac56-4dd8-8bfe-40ddcdeea9d0,2017,11.700331154933645,12,1.9571433067321775,2.943181153611973
Carrot,Oromia,95d4ef76-ac56-4dd8-8bfe-40ddcdeea9d0,2018,12.129215491599725,13,1.943384385108948,2.943181153611973
Carrot,Oromia,95d4ef76-ac56-4dd8-8bfe-40ddcdeea9d0,2019,12.45994859687553,12,1.9413535594940183,2.943181153611973
Carrot,Oromia,95d4ef76-ac56-4dd8-8bfe-40ddcdeea9d0,2020,12.621618702391947,12,1.801712989807129,2.943181153611973
Carrot,Oromia,95d4ef76-ac56-4dd8-8bfe-40ddcdeea9d0,2021,10.059864156502337,12,1.9940992593765257,2.943181153611973
Carrot,Oromia,95d4ef76-ac56-4dd8-8bfe-40ddcdeea9d0,2022,5.001470965398869,0,1.7824561595916748,2.943181153611973
Garlic,Oromia,7c4a7c99-436a-4ad3-93eb-75a098246cc0,2015,13.879313468933105,4,2.296141171455383,3.432306496494881
Garlic,Oromia,7c4a7c99-436a-4ad3-93eb-75a098246cc0,2016,16.269009239143795,6,3.1144555807113647,3.432306496494881
Garlic,Oromia,7c4a7c99-436a-4ad3-93eb-75a098246cc0,2017,11.159415041958844,6,2.3010593891143802,3.432306496494881
Garlic,Oromia,7c4a7c99-436a-4ad3-93eb-75a098246cc0,2018,13.729730036041953,6,2.181580066680908,3.432306496494881
Garlic,Oromia,7c4a7c99-436a-4ad3-93eb-75a098246cc0,2019,12.609128013805107,6,2.3282930850982666,3.432306496494881
Garlic,Oromia,7c4a7c99-436a-4ad3-93eb-75a098246cc0,2020,12.981694142023722,6,1.8809499382972716,3.432306496494881
Garlic,Oromia,7c4a7c99-436a-4ad3-93eb-75a098246cc0,2021,7.755335324340397,6,2.1398529767990113,3.432306496494881
Garlic,Oromia,7c4a7c99-436a-4ad3-93eb-75a098246cc0,2022,5.830980409275401,0,1.7824561595916748,3.432306496494881
Garlic,Oromia,95d4ef76-ac56-4dd8-8bfe-40ddcdeea9d0,2015,13.879313468933105,4,2.296141171455383,3.432306496494881
Garlic,Oromia,95d4ef76-ac56-4dd8-8bfe-40ddcdeea9d0,2016,16.269009239143795,6,3.1144555807113647,3.432306496494881
Garlic,Oromia,95d4ef76-ac56-4dd8-8bfe-40ddcdeea9d0,2017,11.159415041958844,6,2.3010593891143802,3.432306496494881
Garlic,Oromia,95d4ef76-ac56-4dd8-8bfe-40ddcdeea9d0,2018,13.729730036041953,6,2.181580066680908,3.432306496494881
Garlic,Oromia,95d4ef76-ac56-4dd8-8bfe-40ddcdeea9d0,2019,12.609128013805107,6,2.3282930850982666,3.432306496494881
Garlic,Oromia,95d4ef76-ac56-4dd8-8bfe-40ddcdeea9d0,2020,12.981694142023722,6,1.8809499382972716,3.432306496494881
Garlic,Oromia,95d4ef76-ac56-4dd8-8bfe-40ddcdeea9d0,2021,7.755335324340397,6,2.1398529767990113,3.432306496494881
Garlic,Oromia,95d4ef76-ac56-4dd8-8bfe-40ddcdeea9d0,2022,5.830980409275401,0,1.7824561595916748,3.432306496494881
Onion,Oromia,7c4a7c99-436a-4ad3-93eb-75a098246cc0,2015,13.721340973298629,9,2.3376171588897705,2.943181153611973
Onion,Oromia,7c4a7c99-436a-4ad3-93eb-75a098246cc0,2016,14.463867914578147,12,2.7530412673950195,2.943181153611973
Onion,Oromia,7c4a7c99-436a-4ad3-93eb-75a098246cc0,2017,11.700331154933645,12,1.9571433067321775,2.943181153611973
Onion,Oromia,7c4a7c99-436a-4ad3-93eb-75a098246cc0,2018,12.129215491599725,13,1.943384385108948,2.943181153611973
Onion,Oromia,7c4a7c99-436a-4ad3-93eb-75a098246cc0,2019,12.45994859687553,12,1.9413535594940183,2.943181153611973
Onion,Oromia,7c4a7c99-436a-4ad3-93eb-75a098246cc0,2020,12.621618702391947,12,1.801712989807129,2.943181153611973
Onion,Oromia,7c4a7c99-436a-4ad3-93eb-75a098246cc0,2021,10.059864156502337,12,1.9940992593765257,2.943181153611973
Onion,Oromia,7c4a7c99-436a-4ad3-93eb-75a098246cc0,2022,5.001470965398869,0,1.7824561595916748,2.943181153611973
Onion,Oromia,95d4ef76-ac56-4dd8-8bfe-40ddcdeea9d0,2015,13.721340973298629,9,2.3376171588897705,2.943181153611973
Onion,Oromia,95d4ef76-ac56-4dd8-8bfe-40ddcdeea9d0,2016,14.463867914578147,12,2.7530412673950195,2.943181153611973
Onion,Oromia,95d4ef76-ac56-4dd8-8bfe-40ddcdeea9d0,2017,11.700331154933645,12,1.9571433067321775,2.943181153611973
Onion,Oromia,95d4ef76-ac56-4dd8-8bfe-40ddcdeea9d0,2018,12.129215491599725,13,1.943384385108948,2.943181153611973
Onion,Oromia,95d4ef76-ac56-4dd8-8bfe-40ddcdeea9d0,2019,12.45994859687553,12,1.9413535594940183,2.943181153611973
Onion,Oromia,95d4ef76-ac56-4dd8-8bfe-40ddcdeea9d0,2020,12.621618702391947,12,1.801712989807129,2.943181153611973
Onion,Oromia,95d4ef76-ac56-4dd8-8bfe-40ddcdeea9d0,2021,10.059864156502337,12,1.9940992593765257,2.943181153611973
Onion,Oromia,95d4ef76-ac56-4dd8-8bfe-40ddcdeea9d0,2022,5.001470965398869,0,1.7824561595916748,2.943181153611973
Onion,Oromia,7c4a7c99-436a-4ad3-93eb-75a098246cc0,2015,16.31646126391841,5,2.3153176307678223,4.089683076540189
Onion,Oromia,7c4a7c99-436a-4ad3-93eb-75a098246cc0,2016,19.498549461364746,6,4.3763991355896,4.089683076540189
Onion,Oromia,7c4a7c99-436a-4ad3-93eb-75a098246cc0,2017,14.551131018421106,6,2.4012014865875244,4.089683076540189
Onion,Oromia,7c4a7c99-436a-4ad3-93eb-75a098246cc0,2018,17.330334226290386,6,2.8610368728637696,4.089683076540189
Onion,Oromia,7c4a7c99-436a-4ad3-93eb-75a098246cc0,2019,16.04573431097228,6,3.9680331707000733,4.089683076540189
Onion,Oromia,7c4a7c99-436a-4ad3-93eb-75a098246cc0,2020,16.62217830583967,6,2.2404555320739745,4.089683076540189
Onion,Oromia,7c4a7c99-436a-4ad3-93eb-75a098246cc0,2021,11.2211625178655,6,2.1563555717468263,4.089683076540189
Onion,Oromia,7c4a7c99-436a-4ad3-93eb-75a098246cc0,2022,6.519382732979794,5,1.9215945243835448,4.089683076540189
Onion,Oromia,95d4ef76-ac56-4dd8-8bfe-40ddcdeea9d0,2015,16.31646126391841,5,2.3153176307678223,4.089683076540189
Onion,Oromia,95d4ef76-ac56-4dd8-8bfe-40ddcdeea9d0,2016,19.498549461364746,6,4.3763991355896,4.089683076540189
Onion,Oromia,95d4ef76-ac56-4dd8-8bfe-40ddcdeea9d0,2017,14.551131018421106,6,2.4012014865875244,4.089683076540189
Onion,Oromia,95d4ef76-ac56-4dd8-8bfe-40ddcdeea9d0,2018,17.330334226290386,6,2.8610368728637696,4.089683076540189
Onion,Oromia,95d4ef76-ac56-4dd8-8bfe-40ddcdeea9d0,2019,16.04573431097228,6,3.9680331707000733,4.089683076540189
Onion,Oromia,95d4ef76-ac56-4dd8-8bfe-40ddcdeea9d0,2020,16.62217830583967,6,2.2404555320739745,4.089683076540189
Onion,Oromia,95d4ef76-ac56-4dd8-8bfe-40ddcdeea9d0,2021,11.2211625178655,6,2.1563555717468263,4.089683076540189
Onion,Oromia,95d4ef76-ac56-4dd8-8bfe-40ddcdeea9d0,2022,6.519382732979794,5,1.9215945243835448,4.089683076540189
Onion,Oromia,7c4a7c99-436a-4ad3-93eb-75a098246cc0,2015,14.249514681321603,6,2.862565541267395,2.434408512956846
Onion,Oromia,7c4a7c99-436a-4ad3-93eb-75a098246cc0,2016,16.752190002688653,6,4.593744993209839,2.434408512956846
Onion,Oromia,7c4a7c99-436a-4ad3-93eb-75a098246cc0,2017,15.84559295795582,6,2.5973931789398197,2.434408512956846
Onion,Oromia,7c4a7c99-436a-4ad3-93eb-75a098246cc0,2018,14.262590814519811,6,3.40549213886261,2.434408512956846
Onion,Oromia,7c4a7c99-436a-4ad3-93eb-75a098246cc0,2019,16.136373294724358,6,4.041280364990234,2.434408512956846
Onion,Oromia,7c4a7c99-436a-4ad3-93eb-75a098246cc0,2020,16.160503515490777,6,3.4475333213806154,2.434408512956846
Onion,Oromia,7c4a7c99-436a-4ad3-93eb-75a098246cc0,2021,15.36469061507119,6,2.6682004213333133,2.434408512956846
Onion,Oromia,7c4a7c99-436a-4ad3-93eb-75a098246cc0,2022,21.939947764078777,1,19.988423538208007,2.434408512956846
Onion,Oromia,95d4ef76-ac56-4dd8-8bfe-40ddcdeea9d0,2015,14.249514681321603,6,2.862565541267395,2.434408512956846
Onion,Oromia,95d4ef76-ac56-4dd8-8bfe-40ddcdeea9d0,2016,16.752190002688653,6,4.593744993209839,2.434408512956846
Onion,Oromia,95d4ef76-ac56-4dd8-8bfe-40ddcdeea9d0,2017,15.84559295795582,6,2.5973931789398197,2.434408512956846
Onion,Oromia,95d4ef76-ac56-4dd8-8bfe-40ddcdeea9d0,2018,14.262590814519811,6,3.40549213886261,2.434408512956846
Onion,Oromia,95d4ef76-ac56-4dd8-8bfe-40ddcdeea9d0,2019,16.136373294724358,6,4.041280364990234,2.434408512956846
Onion,Oromia,95d4ef76-ac56-4dd8-8bfe-40ddcdeea9d0,2020,16.160503515490777,6,3.4475333213806154,2.434408512956846
Onion,Oromia,95d4ef76-ac56-4dd8-8bfe-40ddcdeea9d0,2021,15.36469061507119,6,2.6682004213333133,2.434408512956846
Onion,Oromia,95d4ef76-ac56-4dd8-8bfe-40ddcdeea9d0,2022,21.939947764078777,1,19.988423538208007,2.434408512956846
"Chilli, dry",Oromia,7c4a7c99-436a-4ad3-93eb-75a098246cc0,2015,13.721340973298629,9,2.3376171588897705,2.943181153611973
"Chilli, dry",Oromia,7c4a7c99-436a-4ad3-93eb-75a098246cc0,2016,14.463867914578147,12,2.7530412673950195,2.943181153611973
"Chilli, dry",Oromia,7c4a7c99-436a-4ad3-93eb-75a098246cc0,2017,11.700331154933645,12,1.9571433067321775,2.943181153611973
"Chilli, dry",Oromia,7c4a7c99-436a-4ad3-93eb-75a098246cc0,2018,12.129215491599725,13,1.943384385108948,2.943181153611973
"Chilli, dry",Oromia,7c4a7c99-436a-4ad3-93eb-75a098246cc0,2019,12.45994859687553,12,1.9413535594940183,2.943181153611973
"Chilli, dry",Oromia,7c4a7c99-436a-4ad3-93eb-75a098246cc0,2020,12.621618702391947,12,1.801712989807129,2.943181153611973
"Chilli, dry",Oromia,7c4a7c99-436a-4ad3-93eb-75a098246cc0,2021,10.059864156502337,12,1.9940992593765257,2.943181153611973
"Chilli, dry",Oromia,7c4a7c99-436a-4ad3-93eb-75a098246cc0,2022,5.001470965398869,0,1.7824561595916748,2.943181153611973
"Chilli, dry",Oromia,95d4ef76-ac56-4dd8-8bfe-40ddcdeea9d0,2015,13.721340973298629,9,2.3376171588897705,2.943181153611973
"Chilli, dry",Oromia,95d4ef76-ac56-4dd8-8bfe-40ddcdeea9d0,2016,14.463867914578147,12,2.7530412673950195,2.943181153611973
"Chilli, dry",Oromia,95d4ef76-ac56-4dd8-8bfe-40ddcdeea9d0,2017,11.700331154933645,12,1.9571433067321775,2.943181153611973
"Chilli, dry",Oromia,95d4ef76-ac56-4dd8-8bfe-40ddcdeea9d0,2018,12.129215491599725,13,1.943384385108948,2.943181153611973
"Chilli, dry",Oromia,95d4ef76-ac56-4dd8-8bfe-40ddcdeea9d0,2019,12.45994859687553,12,1.9413535594940183,2.943181153611973
"Chilli, dry",Oromia,95d4ef76-ac56-4dd8-8bfe-40ddcdeea9d0,2020,12.621618702391947,12,1.801712989807129,2.943181153611973
"Chilli, dry",Oromia,95d4ef76-ac56-4dd8-8bfe-40ddcdeea9d0,2021,10.059864156502337,12,1.9940992593765257,2.943181153611973
"Chilli, dry",Oromia,95d4ef76-ac56-4dd8-8bfe-40ddcdeea9d0,2022,5.001470965398869,0,1.7824561595916748,2.943181153611973
"Chilli, dry",Oromia,7c4a7c99-436a-4ad3-93eb-75a098246cc0,2015,16.745302960492563,7,2.4236345767974856,4.099788597740008
"Chilli, dry",Oromia,7c4a7c99-436a-4ad3-93eb-75a098246cc0,2016,20.06402651887191,8,9.69049596786499,4.099788597740008
"Chilli, dry",Oromia,7c4a7c99-436a-4ad3-93eb-75a098246cc0,2017,16.31163846651713,8,2.7216422080993654,4.099788597740008
"Chilli, dry",Oromia,7c4a7c99-436a-4ad3-93eb-75a098246cc0,2018,17.439381699562073,8,6.7690241813659675,4.099788597740008
"Chilli, dry",Oromia,7c4a7c99-436a-4ad3-93eb-75a098246cc0,2019,17.29741724227604,8,5.4302451610565186,4.099788597740008
"Chilli, dry",Oromia,7c4a7c99-436a-4ad3-93eb-75a098246cc0,2020,17.673749307268544,8,2.607608914375305,4.099788597740008
"Chilli, dry",Oromia,7c4a7c99-436a-4ad3-93eb-75a098246cc0,2021,13.855679796536764,8,2.214913272857666,4.099788597740008
"Chilli, dry",Oromia,7c4a7c99-436a-4ad3-93eb-75a098246cc0,2022,6.519382732979794,5,1.9215945243835448,4.099788597740008
"Chilli, dry",Oromia,95d4ef76-ac56-4dd8-8bfe-40ddcdeea9d0,2015,16.745302960492563,7,2.4236345767974856,4.099788597740008
"Chilli, dry",Oromia,95d4ef76-ac56-4dd8-8bfe-40ddcdeea9d0,2016,20.06402651887191,8,9.69049596786499,4.099788597740008
"Chilli, dry",Oromia,95d4ef76-ac56-4dd8-8bfe-40ddcdeea9d0,2017,16.31163846651713,8,2.7216422080993654,4.099788597740008
"Chilli, dry",Oromia,95d4ef76-ac56-4dd8-8bfe-40ddcdeea9d0,2018,17.439381699562073,8,6.7690241813659675,4.099788597740008
"Chilli, dry",Oromia,95d4ef76-ac56-4dd8-8bfe-40ddcdeea9d0,2019,17.29741724227604,8,5.4302451610565186,4.099788597740008
"Chilli, dry",Oromia,95d4ef76-ac56-4dd8-8bfe-40ddcdeea9d0,2020,17.673749307268544,8,2.607608914375305,4.099788597740008
"Chilli, dry",Oromia,95d4ef76-ac56-4dd8-8bfe-40ddcdeea9d0,2021,13.855679796536764,8,2.214913272857666,4.099788597740008
"Chilli, dry",Oromia,95d4ef76-ac56-4dd8-8bfe-40ddcdeea9d0,2022,6.519382732979794,5,1.9215945243835448,4.099788597740008
Tomato,Oromia,7c4a7c99-436a-4ad3-93eb-75a098246cc0,2015,13.721340973298629,9,2.3376171588897705,2.943181153611973
Tomato,Oromia,7c4a7c99-436a-4ad3-93eb-75a098246cc0,2016,14.463867914578147,12,2.7530412673950195,2.943181153611973
Tomato,Oromia,7c4a7c99-436a-4ad3-93eb-75a098246cc0,2017,11.700331154933645,12,1.9571433067321775,2.943181153611973
Tomato,Oromia,7c4a7c99-436a-4ad3-93eb-75a098246cc0,2018,12.129215491599725,13,1.943384385108948,2.943181153611973
Tomato,Oromia,7c4a7c99-436a-4ad3-93eb-75a098246cc0,2019,12.45994859687553,12,1.9413535594940183,2.943181153611973
Tomato,Oromia,7c4a7c99-436a-4ad3-93eb-75a098246cc0,2020,12.621618702391947,12,1.801712989807129,2.943181153611973
Tomato,Oromia,7c4a7c99-436a-4ad3-93eb-75a098246cc0,2021,10.059864156502337,12,1.9940992593765257,2.943181153611973
Tomato,Oromia,7c4a7c99-436a-4ad3-93eb-75a098246cc0,2022,5.001470965398869,0,1.7824561595916748,2.943181153611973
Tomato,Oromia,95d4ef76-ac56-4dd8-8bfe-40ddcdeea9d0,2015,13.721340973298629,9,2.3376171588897705,2.943181153611973
Tomato,Oromia,95d4ef76-ac56-4dd8-8bfe-40ddcdeea9d0,2016,14.463867914578147,12,2.7530412673950195,2.943181153611973
Tomato,Oromia,95d4ef76-ac56-4dd8-8bfe-40ddcdeea9d0,2017,11.700331154933645,12,1.9571433067321775,2.943181153611973
Tomato,Oromia,95d4ef76-ac56-4dd8-8bfe-40ddcdeea9d0,2018,12.129215491599725,13,1.943384385108948,2.943181153611973
Tomato,Oromia,95d4ef76-ac56-4dd8-8bfe-40ddcdeea9d0,2019,12.45994859687553,12,1.9413535594940183,2.943181153611973
Tomato,Oromia,95d4ef76-ac56-4dd8-8bfe-40ddcdeea9d0,2020,12.621618702391947,12,1.801712989807129,2.943181153611973
Tomato,Oromia,95d4ef76-ac56-4dd8-8bfe-40ddcdeea9d0,2021,10.059864156502337,12,1.9940992593765257,2.943181153611973
Tomato,Oromia,95d4ef76-ac56-4dd8-8bfe-40ddcdeea9d0,2022,5.001470965398869,0,1.7824561595916748,2.943181153611973
Mandarin,Oromia,7c4a7c99-436a-4ad3-93eb-75a098246cc0,2015,13.721340973298629,9,2.3376171588897705,2.943181153611973
Mandarin,Oromia,7c4a7c99-436a-4ad3-93eb-75a098246cc0,2016,14.463867914578147,12,2.7530412673950195,2.943181153611973
Mandarin,Oromia,7c4a7c99-436a-4ad3-93eb-75a098246cc0,2017,11.700331154933645,12,1.9571433067321775,2.943181153611973
Mandarin,Oromia,7c4a7c99-436a-4ad3-93eb-75a098246cc0,2018,12.129215491599725,13,1.943384385108948,2.943181153611973
Mandarin,Oromia,7c4a7c99-436a-4ad3-93eb-75a098246cc0,2019,12.45994859687553,12,1.9413535594940183,2.943181153611973
Mandarin,Oromia,7c4a7c99-436a-4ad3-93eb-75a098246cc0,2020,12.621618702391947,12,1.801712989807129,2.943181153611973
Mandarin,Oromia,7c4a7c99-436a-4ad3-93eb-75a098246cc0,2021,10.059864156502337,12,1.9940992593765257,2.943181153611973
Mandarin,Oromia,7c4a7c99-436a-4ad3-93eb-75a098246cc0,2022,5.001470965398869,0,1.7824561595916748,2.943181153611973
Mandarin,Oromia,95d4ef76-ac56-4dd8-8bfe-40ddcdeea9d0,2015,13.721340973298629,9,2.3376171588897705,2.943181153611973
Mandarin,Oromia,95d4ef76-ac56-4dd8-8bfe-40ddcdeea9d0,2016,14.463867914578147,12,2.7530412673950195,2.943181153611973
Mandarin,Oromia,95d4ef76-ac56-4dd8-8bfe-40ddcdeea9d0,2017,11.700331154933645,12,1.9571433067321775,2.943181153611973
Mandarin,Oromia,95d4ef76-ac56-4dd8-8bfe-40ddcdeea9d0,2018,12.129215491599725,13,1.943384385108948,2.943181153611973
Mandarin,Oromia,95d4ef76-ac56-4dd8-8bfe-40ddcdeea9d0,2019,12.45994859687553,12,1.9413535594940183,2.943181153611973
Mandarin,Oromia,95d4ef76-ac56-4dd8-8bfe-40ddcdeea9d0,2020,12.621618702391947,12,1.801712989807129,2.943181153611973
Mandarin,Oromia,95d4ef76-ac56-4dd8-8bfe-40ddcdeea9d0,2021,10.059864156502337,12,1.9940992593765257,2.943181153611973
Mandarin,Oromia,95d4ef76-ac56-4dd8-8bfe-40ddcdeea9d0,2022,5.001470965398869,0,1.7824561595916748,2.943181153611973
Mango,Oromia,7c4a7c99-436a-4ad3-93eb-75a098246cc0,2015,13.721340973298629,9,2.3376171588897705,2.943181153611973
Mango,Oromia,7c4a7c99-436a-4ad3-93eb-75a098246cc0,2016,14.463867914578147,12,2.7530412673950195,2.943181153611973
Mango,Oromia,7c4a7c99-436a-4ad3-93eb-75a098246cc0,2017,11.700331154933645,12,1.9571433067321775,2.943181153611973
Mango,Oromia,7c4a7c99-436a-4ad3-93eb-75a098246cc0,2018,12.129215491599725,13,1.943384385108948,2.943181153611973
Mango,Oromia,7c4a7c99-436a-4ad3-93eb-75a098246cc0,2019,12.45994859687553,12,1.9413535594940183,2.943181153611973
Mango,Oromia,7c4a7c99-436a-4ad3-93eb-75a098246cc0,2020,12.621618702391947,12,1.801712989807129,2.943181153611973
Mango,Oromia,7c4a7c99-436a-4ad3-93eb-75a098246cc0,2021,10.059864156502337,12,1.9940992593765257,2.943181153611973
Mango,Oromia,7c4a7c99-436a-4ad3-93eb-75a098246cc0,2022,5.001470965398869,0,1.7824561595916748,2.943181153611973
Mango,Oromia,95d4ef76-ac56-4dd8-8bfe-40ddcdeea9d0,2015,13.721340973298629,9,2.3376171588897705,2.943181153611973
Mango,Oromia,95d4ef76-ac56-4dd8-8bfe-40ddcdeea9d0,2016,14.463867914578147,12,2.7530412673950195,2.943181153611973
Mango,Oromia,95d4ef76-ac56-4dd8-8bfe-40ddcdeea9d0,2017,11.700331154933645,12,1.9571433067321775,2.943181153611973
Mango,Oromia,95d4ef76-ac56-4dd8-8bfe-40ddcdeea9d0,2018,12.129215491599725,13,1.943384385108948,2.943181153611973
Mango,Oromia,95d4ef76-ac56-4dd8-8bfe-40ddcdeea9d0,2019,12.45994859687553,12,1.9413535594940183,2.943181153611973
Mango,Oromia,95d4ef76-ac56-4dd8-8bfe-40ddcdeea9d0,2020,12.621618702391947,12,1.801712989807129,2.943181153611973
Mango,Oromia,95d4ef76-ac56-4dd8-8bfe-40ddcdeea9d0,2021,10.059864156502337,12,1.9940992593765257,2.943181153611973
Mango,Oromia,95d4ef76-ac56-4dd8-8bfe-40ddcdeea9d0,2022,5.001470965398869,0,1.7824561595916748,2.943181153611973
Coffee,Oromia,7c4a7c99-436a-4ad3-93eb-75a098246cc0,2015,9.539923108857254,3,2.238013505935669,3.8428449564458087
Coffee,Oromia,7c4a7c99-436a-4ad3-93eb-75a098246cc0,2016,15.89481004079183,4,3.615385413169861,3.8428449564458087
Coffee,Oromia,7c4a7c99-436a-4ad3-93eb-75a098246cc0,2017,7.896333837509156,4,2.2723079681396485,3.8428449564458087
Coffee,Oromia,7c4a7c99-436a-4ad3-93eb-75a098246cc0,2018,12.330213134629386,4,2.179737424850464,3.8428449564458087
Coffee,Oromia,7c4a7c99-436a-4ad3-93eb-75a098246cc0,2019,10.522372676266563,4,2.891450047492981,3.8428449564458087
Coffee,Oromia,7c4a7c99-436a-4ad3-93eb-75a098246cc0,2020,11.36914242307345,4,1.896337866783142,3.8428449564458087
Coffee,Oromia,7c4a7c99-436a-4ad3-93eb-75a098246cc0,2021,5.871252015658787,4,2.041071891784668,3.8428449564458087
Coffee,Oromia,7c4a7c99-436a-4ad3-93eb-75a098246cc0,2022,3.640806487628392,4,1.8943221807479858,3.8428449564458087
Coffee,Oromia,95d4ef76-ac56-4dd8-8bfe-40ddcdeea9d0,2015,9.539923108857254,3,2.238013505935669,3.8428449564458087
Coffee,Oromia,95d4ef76-ac56-4dd8-8bfe-40ddcdeea9d0,2016,15.89481004079183,4,3.615385413169861,3.8428449564458087
Coffee,Oromia,95d4ef76-ac56-4dd8-8bfe-40ddcdeea9d0,2017,7.896333837509156,4,2.2723079681396485,3.8428449564458087
Coffee,Oromia,95d4ef76-ac56-4dd8-8bfe-40ddcdeea9d0,2018,12.330213134629386,4,2.179737424850464,3.8428449564458087
Coffee,Oromia,95d4ef76-ac56-4dd8-8bfe-40ddcdeea9d0,2019,10.522372676266563,4,2.891450047492981,3.8428449564458087
Coffee,Oromia,95d4ef76-ac56-4dd8-8bfe-40ddcdeea9d0,2020,11.36914242307345,4,1.896337866783142,3.8428449564458087
Coffee,Oromia,95d4ef76-ac56-4dd8-8bfe-40ddcdeea9d0,2021,5.871252015658787,4,2.041071891784668,3.8428449564458087
Coffee,Oromia,95d4ef76-ac56-4dd8-8bfe-40ddcdeea9d0,2022,3.640806487628392,4,1.8943221807479858,3.8428449564458087
Avocado,Oromia,7c4a7c99-436a-4ad3-93eb-75a098246cc0,2015,13.721340973298629,9,2.3376171588897705,2.943181153611973
Avocado,Oromia,7c4a7c99-436a-4ad3-93eb-75a098246cc0,2016,14.463867914578147,12,2.7530412673950195,2.943181153611973
Avocado,Oromia,7c4a7c99-436a-4ad3-93eb-75a098246cc0,2017,11.700331154933645,12,1.9571433067321775,2.943181153611973
Avocado,Oromia,7c4a7c99-436a-4ad3-93eb-75a098246cc0,2018,12.129215491599725,13,1.943384385108948,2.943181153611973
Avocado,Oromia,7c4a7c99-436a-4ad3-93eb-75a098246cc0,2019,12.45994859687553,12,1.9413535594940183,2.943181153611973
Avocado,Oromia,7c4a7c99-436a-4ad3-93eb-75a098246cc0,2020,12.621618702391947,12,1.801712989807129,2.943181153611973
Avocado,Oromia,7c4a7c99-436a-4ad3-93eb-75a098246cc0,2021,10.059864156502337,12,1.9940992593765257,2.943181153611973
Avocado,Oromia,7c4a7c99-436a-4ad3-93eb-75a098246cc0,2022,5.001470965398869,0,1.7824561595916748,2.943181153611973
Avocado,Oromia,95d4ef76-ac56-4dd8-8bfe-40ddcdeea9d0,2015,13.721340973298629,9,2.3376171588897705,2.943181153611973
Avocado,Oromia,95d4ef76-ac56-4dd8-8bfe-40ddcdeea9d0,2016,14.463867914578147,12,2.7530412673950195,2.943181153611973
Avocado,Oromia,95d4ef76-ac56-4dd8-8bfe-40ddcdeea9d0,2017,11.700331154933645,12,1.9571433067321775,2.943181153611973
Avocado,Oromia,95d4ef76-ac56-4dd8-8bfe-40ddcdeea9d0,2018,12.129215491599725,13,1.943384385108948,2.943181153611973
Avocado,Oromia,95d4ef76-ac56-4dd8-8bfe-40ddcdeea9d0,2019,12.45994859687553,12,1.9413535594940183,2.943181153611973
Avocado,Oromia,95d4ef76-ac56-4dd8-8bfe-40ddcdeea9d0,2020,12.621618702391947,12,1.801712989807129,2.943181153611973
Avocado,Oromia,95d4ef76-ac56-4dd8-8bfe-40ddcdeea9d0,2021,10.059864156502337,12,1.9940992593765257,2.943181153611973
Avocado,Oromia,95d4ef76-ac56-4dd8-8bfe-40ddcdeea9d0,2022,5.001470965398869,0,1.7824561595916748,2.943181153611973
Banana,Oromia,7c4a7c99-436a-4ad3-93eb-75a098246cc0,2015,13.721340973298629,9,2.3376171588897705,2.943181153611973
Banana,Oromia,7c4a7c99-436a-4ad3-93eb-75a098246cc0,2016,14.463867914578147,12,2.7530412673950195,2.943181153611973
Banana,Oromia,7c4a7c99-436a-4ad3-93eb-75a098246cc0,2017,11.700331154933645,12,1.9571433067321775,2.943181153611973
Banana,Oromia,7c4a7c99-436a-4ad3-93eb-75a098246cc0,2018,12.129215491599725,13,1.943384385108948,2.943181153611973
Banana,Oromia,7c4a7c99-436a-4ad3-93eb-75a098246cc0,2019,12.45994859687553,12,1.9413535594940183,2.943181153611973
Banana,Oromia,7c4a7c99-436a-4ad3-93eb-75a098246cc0,2020,12.621618702391947,12,1.801712989807129,2.943181153611973
Banana,Oromia,7c4a7c99-436a-4ad3-93eb-75a098246cc0,2021,10.059864156502337,12,1.9940992593765257,2.943181153611973
Banana,Oromia,7c4a7c99-436a-4ad3-93eb-75a098246cc0,2022,5.001470965398869,0,1.7824561595916748,2.943181153611973
Banana,Oromia,95d4ef76-ac56-4dd8-8bfe-40ddcdeea9d0,2015,13.721340973298629,9,2.3376171588897705,2.943181153611973
Banana,Oromia,95d4ef76-ac56-4dd8-8bfe-40ddcdeea9d0,2016,14.463867914578147,12,2.7530412673950195,2.943181153611973
Banana,Oromia,95d4ef76-ac56-4dd8-8bfe-40ddcdeea9d0,2017,11.700331154933645,12,1.9571433067321775,2.943181153611973
Banana,Oromia,95d4ef76-ac56-4dd8-8bfe-40ddcdeea9d0,2018,12.129215491599725,13,1.943384385108948,2.943181153611973
Banana,Oromia,95d4ef76-ac56-4dd8-8bfe-40ddcdeea9d0,2019,12.45994859687553,12,1.9413535594940183,2.943181153611973
Banana,Oromia,95d4ef76-ac56-4dd8-8bfe-40ddcdeea9d0,2020,12.621618702391947,12,1.801712989807129,2.943181153611973
Banana,Oromia,95d4ef76-ac56-4dd8-8bfe-40ddcdeea9d0,2021,10.059864156502337,12,1.9940992593765257,2.943181153611973
Banana,Oromia,95d4ef76-ac56-4dd8-8bfe-40ddcdeea9d0,2022,5.001470965398869,0,1.7824561595916748,2.943181153611973
Enset,Oromia,7c4a7c99-436a-4ad3-93eb-75a098246cc0,2015,13.721340973298629,9,2.3376171588897705,2.943181153611973
Enset,Oromia,7c4a7c99-436a-4ad3-93eb-75a098246cc0,2016,14.463867914578147,12,2.7530412673950195,2.943181153611973
Enset,Oromia,7c4a7c99-436a-4ad3-93eb-75a098246cc0,2017,11.700331154933645,12,1.9571433067321775,2.943181153611973
Enset,Oromia,7c4a7c99-436a-4ad3-93eb-75a098246cc0,2018,12.129215491599725,13,1.943384385108948,2.943181153611973
Enset,Oromia,7c4a7c99-436a-4ad3-93eb-75a098246cc0,2019,12.45994859687553,12,1.9413535594940183,2.943181153611973
Enset,Oromia,7c4a7c99-436a-4ad3-93eb-75a098246cc0,2020,12.621618702391947,12,1.801712989807129,2.943181153611973
Enset,Oromia,7c4a7c99-436a-4ad3-93eb-75a098246cc0,2021,10.059864156502337,12,1.9940992593765257,2.943181153611973
Enset,Oromia,7c4a7c99-436a-4ad3-93eb-75a098246cc0,2022,5.001470965398869,0,1.7824561595916748,2.943181153611973
Enset,Oromia,95d4ef76-ac56-4dd8-8bfe-40ddcdeea9d0,2015,13.721340973298629,9,2.3376171588897705,2.943181153611973
Enset,Oromia,95d4ef76-ac56-4dd8-8bfe-40ddcdeea9d0,2016,14.463867914578147,12,2.7530412673950195,2.943181153611973
Enset,Oromia,95d4ef76-ac56-4dd8-8bfe-40ddcdeea9d0,2017,11.700331154933645,12,1.9571433067321775,2.943181153611973
Enset,Oromia,95d4ef76-ac56-4dd8-8bfe-40ddcdeea9d0,2018,12.129215491599725,13,1.943384385108948,2.943181153611973
Enset,Oromia,95d4ef76-ac56-4dd8-8bfe-40ddcdeea9d0,2019,12.45994859687553,12,1.9413535594940183,2.943181153611973
Enset,Oromia,95d4ef76-ac56-4dd8-8bfe-40ddcdeea9d0,2020,12.621618702391947,12,1.801712989807129,2.943181153611973
Enset,Oromia,95d4ef76-ac56-4dd8-8bfe-40ddcdeea9d0,2021,10.059864156502337,12,1.9940992593765257,2.943181153611973
Enset,Oromia,95d4ef76-ac56-4dd8-8bfe-40ddcdeea9d0,2022,5.001470965398869,0,1.7824561595916748,2.943181153611973
