date,precipitation,COUNT,GlobalID,KK_CODE,KK_NAME,OBJECTID,RK_CODE,RK_NAME,R_CODE,R_NAME,Shape__Are,Shape__Len,T_CODE,T_NAME,UK_CODE,UK_ID,UK_NAME,W_CODE,W_NAME,Z_CODE,Z_NAME,unique_id
2024-01-01,0.0,36,7c4a7c99-436a-4ad3-93eb-75a098246cc0,1,Akaki Kaliti,15539,0,,14,Oromia,7977969.48095703,13797.0985333016,14,Addis Abeba,001,140101101001,01/03,0,,1,01,7c4a7c99-436a-4ad3-93eb-75a098246cc0
2024-01-02,0.0,36,7c4a7c99-436a-4ad3-93eb-75a098246cc0,1,Akaki Kaliti,15539,0,,14,Oromia,7977969.48095703,13797.0985333016,14,Addis Abeba,001,140101101001,01/03,0,,1,01,7c4a7c99-436a-4ad3-93eb-75a098246cc0
2024-01-03,0.0,36,7c4a7c99-436a-4ad3-93eb-75a098246cc0,1,Akaki Kaliti,15539,0,,14,Oromia,7977969.48095703,13797.0985333016,14,Addis Abeba,001,140101101001,01/03,0,,1,01,7c4a7c99-436a-4ad3-93eb-75a098246cc0
2024-01-04,0.0,36,7c4a7c99-436a-4ad3-93eb-75a098246cc0,1,Akaki Kaliti,15539,0,,14,Oromia,7977969.48095703,13797.0985333016,14,Addis Abeba,001,140101101001,01/03,0,,1,01,7c4a7c99-436a-4ad3-93eb-75a098246cc0
2024-01-05,0.0,36,7c4a7c99-436a-4ad3-93eb-75a098246cc0,1,Akaki Kaliti,15539,0,,14,Oromia,7977969.48095703,13797.0985333016,14,Addis Abeba,001,140101101001,01/03,0,,1,01,7c4a7c99-436a-4ad3-93eb-75a098246cc0
2024-01-06,0.0,36,7c4a7c99-436a-4ad3-93eb-75a098246cc0,1,Akaki Kaliti,15539,0,,14,Oromia,7977969.48095703,13797.0985333016,14,Addis Abeba,001,140101101001,01/03,0,,1,01,7c4a7c99-436a-4ad3-93eb-75a098246cc0
2024-01-07,0.0,36,7c4a7c99-436a-4ad3-93eb-75a098246cc0,1,Akaki Kaliti,15539,0,,14,Oromia,7977969.48095703,13797.0985333016,14,Addis Abeba,001,140101101001,01/03,0,,1,01,7c4a7c99-436a-4ad3-93eb-75a098246cc0
2024-01-08,0.0,36,7c4a7c99-436a-4ad3-93eb-75a098246cc0,1,Akaki Kaliti,15539,0,,14,Oromia,7977969.48095703,13797.0985333016,14,Addis Abeba,001,140101101001,01/03,0,,1,01,7c4a7c99-436a-4ad3-93eb-75a098246cc0
2024-01-09,0.0,36,7c4a7c99-436a-4ad3-93eb-75a098246cc0,1,Akaki Kaliti,15539,0,,14,Oromia,7977969.48095703,13797.0985333016,14,Addis Abeba,001,140101101001,01/03,0,,1,01,7c4a7c99-436a-4ad3-93eb-75a098246cc0
2024-01-10,0.0,36,7c4a7c99-436a-4ad3-93eb-75a098246cc0,1,Akaki Kaliti,15539,0,,14,Oromia,7977969.48095703,13797.0985333016,14,Addis Abeba,001,140101101001,01/03,0,,1,01,7c4a7c99-436a-4ad3-93eb-75a098246cc0
2024-01-11,0.0,36,7c4a7c99-436a-4ad3-93eb-75a098246cc0,1,Akaki Kaliti,15539,0,,14,Oromia,7977969.48095703,13797.0985333016,14,Addis Abeba,001,140101101001,01/03,0,,1,01,7c4a7c99-436a-4ad3-93eb-75a098246cc0
2024-01-12,0.0,36,7c4a7c99-436a-4ad3-93eb-75a098246cc0,1,Akaki Kaliti,15539,0,,14,Oromia,7977969.48095703,13797.0985333016,14,Addis Abeba,001,140101101001,01/03,0,,1,01,7c4a7c99-436a-4ad3-93eb-75a098246cc0
2024-01-13,0.0,36,7c4a7c99-436a-4ad3-93eb-75a098246cc0,1,Akaki Kaliti,15539,0,,14,Oromia,7977969.48095703,13797.0985333016,14,Addis Abeba,001,140101101001,01/03,0,,1,01,7c4a7c99-436a-4ad3-93eb-75a098246cc0
2024-01-14,0.0,36,7c4a7c99-436a-4ad3-93eb-75a098246cc0,1,Akaki Kaliti,15539,0,,14,Oromia,7977969.48095703,13797.0985333016,14,Addis Abeba,001,140101101001,01/03,0,,1,01,7c4a7c99-436a-4ad3-93eb-75a098246cc0
2024-01-15,0.0,36,7c4a7c99-436a-4ad3-93eb-75a098246cc0,1,Akaki Kaliti,15539,0,,14,Oromia,7977969.48095703,13797.0985333016,14,Addis Abeba,001,140101101001,01/03,0,,1,01,7c4a7c99-436a-4ad3-93eb-75a098246cc0
2024-01-16,0.0,36,7c4a7c99-436a-4ad3-93eb-75a098246cc0,1,Akaki Kaliti,15539,0,,14,Oromia,7977969.48095703,13797.0985333016,14,Addis Abeba,001,140101101001,01/03,0,,1,01,7c4a7c99-436a-4ad3-93eb-75a098246cc0
2024-01-17,0.0,36,7c4a7c99-436a-4ad3-93eb-75a098246cc0,1,Akaki Kaliti,15539,0,,14,Oromia,7977969.48095703,13797.0985333016,14,Addis Abeba,001,140101101001,01/03,0,,1,01,7c4a7c99-436a-4ad3-93eb-75a098246cc0
2024-01-18,0.0,36,7c4a7c99-436a-4ad3-93eb-75a098246cc0,1,Akaki Kaliti,15539,0,,14,Oromia,7977969.48095703,13797.0985333016,14,Addis Abeba,001,140101101001,01/03,0,,1,01,7c4a7c99-436a-4ad3-93eb-75a098246cc0
2024-01-19,0.0,36,7c4a7c99-436a-4ad3-93eb-75a098246cc0,1,Akaki Kaliti,15539,0,,14,Oromia,7977969.48095703,13797.0985333016,14,Addis Abeba,001,140101101001,01/03,0,,1,01,7c4a7c99-436a-4ad3-93eb-75a098246cc0
2024-01-20,0.0,36,7c4a7c99-436a-4ad3-93eb-75a098246cc0,1,Akaki Kaliti,15539,0,,14,Oromia,7977969.48095703,13797.0985333016,14,Addis Abeba,001,140101101001,01/03,0,,1,01,7c4a7c99-436a-4ad3-93eb-75a098246cc0
2024-01-21,0.0,36,7c4a7c99-436a-4ad3-93eb-75a098246cc0,1,Akaki Kaliti,15539,0,,14,Oromia,7977969.48095703,13797.0985333016,14,Addis Abeba,001,140101101001,01/03,0,,1,01,7c4a7c99-436a-4ad3-93eb-75a098246cc0
2024-01-22,0.0,36,7c4a7c99-436a-4ad3-93eb-75a098246cc0,1,Akaki Kaliti,15539,0,,14,Oromia,7977969.48095703,13797.0985333016,14,Addis Abeba,001,140101101001,01/03,0,,1,01,7c4a7c99-436a-4ad3-93eb-75a098246cc0
2024-01-23,0.0,36,7c4a7c99-436a-4ad3-93eb-75a098246cc0,1,Akaki Kaliti,15539,0,,14,Oromia,7977969.48095703,13797.0985333016,14,Addis Abeba,001,140101101001,01/03,0,,1,01,7c4a7c99-436a-4ad3-93eb-75a098246cc0
2024-01-24,0.0,36,7c4a7c99-436a-4ad3-93eb-75a098246cc0,1,Akaki Kaliti,15539,0,,14,Oromia,7977969.48095703,13797.0985333016,14,Addis Abeba,001,140101101001,01/03,0,,1,01,7c4a7c99-436a-4ad3-93eb-75a098246cc0
2024-01-25,1.9760321378707886,36,7c4a7c99-436a-4ad3-93eb-75a098246cc0,1,Akaki Kaliti,15539,0,,14,Oromia,7977969.48095703,13797.0985333016,14,Addis Abeba,001,140101101001,01/03,0,,1,01,7c4a7c99-436a-4ad3-93eb-75a098246cc0
2024-01-26,0.0,36,7c4a7c99-436a-4ad3-93eb-75a098246cc0,1,Akaki Kaliti,15539,0,,14,Oromia,7977969.48095703,13797.0985333016,14,Addis Abeba,001,140101101001,01/03,0,,1,01,7c4a7c99-436a-4ad3-93eb-75a098246cc0
2024-01-27,0.0,36,7c4a7c99-436a-4ad3-93eb-75a098246cc0,1,Akaki Kaliti,15539,0,,14,Oromia,7977969.48095703,13797.0985333016,14,Addis Abeba,001,140101101001,01/03,0,,1,01,7c4a7c99-436a-4ad3-93eb-75a098246cc0
2024-01-28,0.0,36,7c4a7c99-436a-4ad3-93eb-75a098246cc0,1,Akaki Kaliti,15539,0,,14,Oromia,7977969.48095703,13797.0985333016,14,Addis Abeba,001,140101101001,01/03,0,,1,01,7c4a7c99-436a-4ad3-93eb-75a098246cc0
2024-01-29,0.0,36,7c4a7c99-436a-4ad3-93eb-75a098246cc0,1,Akaki Kaliti,15539,0,,14,Oromia,7977969.48095703,13797.0985333016,14,Addis Abeba,001,140101101001,01/03,0,,1,01,7c4a7c99-436a-4ad3-93eb-75a098246cc0
2024-01-30,3.1365532875061035,36,7c4a7c99-436a-4ad3-93eb-75a098246cc0,1,Akaki Kaliti,15539,0,,14,Oromia,7977969.48095703,13797.0985333016,14,Addis Abeba,001,140101101001,01/03,0,,1,01,7c4a7c99-436a-4ad3-93eb-75a098246cc0
2024-01-31,0.0,36,7c4a7c99-436a-4ad3-93eb-75a098246cc0,1,Akaki Kaliti,15539,0,,14,Oromia,7977969.48095703,13797.0985333016,14,Addis Abeba,001,140101101001,01/03,0,,1,01,7c4a7c99-436a-4ad3-93eb-75a098246cc0
2024-02-01,0.0,36,7c4a7c99-436a-4ad3-93eb-75a098246cc0,1,Akaki Kaliti,15539,0,,14,Oromia,7977969.48095703,13797.0985333016,14,Addis Abeba,001,140101101001,01/03,0,,1,01,7c4a7c99-436a-4ad3-93eb-75a098246cc0
2024-02-02,0.0,36,7c4a7c99-436a-4ad3-93eb-75a098246cc0,1,Akaki Kaliti,15539,0,,14,Oromia,7977969.48095703,13797.0985333016,14,Addis Abeba,001,140101101001,01/03,0,,1,01,7c4a7c99-436a-4ad3-93eb-75a098246cc0
2024-02-03,0.0,36,7c4a7c99-436a-4ad3-93eb-75a098246cc0,1,Akaki Kaliti,15539,0,,14,Oromia,7977969.48095703,13797.0985333016,14,Addis Abeba,001,140101101001,01/03,0,,1,01,7c4a7c99-436a-4ad3-93eb-75a098246cc0
2024-02-04,0.0,36,7c4a7c99-436a-4ad3-93eb-75a098246cc0,1,Akaki Kaliti,15539,0,,14,Oromia,7977969.48095703,13797.0985333016,14,Addis Abeba,001,140101101001,01/03,0,,1,01,7c4a7c99-436a-4ad3-93eb-75a098246cc0
2024-02-05,0.0,36,7c4a7c99-436a-4ad3-93eb-75a098246cc0,1,Akaki Kaliti,15539,0,,14,Oromia,7977969.48095703,13797.0985333016,14,Addis Abeba,001,140101101001,01/03,0,,1,01,7c4a7c99-436a-4ad3-93eb-75a098246cc0
2024-02-06,0.0,36,7c4a7c99-436a-4ad3-93eb-75a098246cc0,1,Akaki Kaliti,15539,0,,14,Oromia,7977969.48095703,13797.0985333016,14,Addis Abeba,001,140101101001,01/03,0,,1,01,7c4a7c99-436a-4ad3-93eb-75a098246cc0
2024-02-07,0.0,36,7c4a7c99-436a-4ad3-93eb-75a098246cc0,1,Akaki Kaliti,15539,0,,14,Oromia,7977969.48095703,13797.0985333016,14,Addis Abeba,001,140101101001,01/03,0,,1,01,7c4a7c99-436a-4ad3-93eb-75a098246cc0
2024-02-08,0.0,36,7c4a7c99-436a-4ad3-93eb-75a098246cc0,1,Akaki Kaliti,15539,0,,14,Oromia,7977969.48095703,13797.0985333016,14,Addis Abeba,001,140101101001,01/03,0,,1,01,7c4a7c99-436a-4ad3-93eb-75a098246cc0
2024-02-09,0.0,36,7c4a7c99-436a-4ad3-93eb-75a098246cc0,1,Akaki Kaliti,15539,0,,14,Oromia,7977969.48095703,13797.0985333016,14,Addis Abeba,001,140101101001,01/03,0,,1,01,7c4a7c99-436a-4ad3-93eb-75a098246cc0
2024-02-10,56.18138885498047,36,7c4a7c99-436a-4ad3-93eb-75a098246cc0,1,Akaki Kaliti,15539,0,,14,Oromia,7977969.48095703,13797.0985333016,14,Addis Abeba,001,140101101001,01/03,0,,1,01,7c4a7c99-436a-4ad3-93eb-75a098246cc0
2024-02-11,0.0,36,7c4a7c99-436a-4ad3-93eb-75a098246cc0,1,Akaki Kaliti,15539,0,,14,Oromia,7977969.48095703,13797.0985333016,14,Addis Abeba,001,140101101001,01/03,0,,1,01,7c4a7c99-436a-4ad3-93eb-75a098246cc0
2024-02-12,0.0,36,7c4a7c99-436a-4ad3-93eb-75a098246cc0,1,Akaki Kaliti,15539,0,,14,Oromia,7977969.48095703,13797.0985333016,14,Addis Abeba,001,140101101001,01/03,0,,1,01,7c4a7c99-436a-4ad3-93eb-75a098246cc0
2024-02-13,0.0,36,7c4a7c99-436a-4ad3-93eb-75a098246cc0,1,Akaki Kaliti,15539,0,,14,Oromia,7977969.48095703,13797.0985333016,14,Addis Abeba,001,140101101001,01/03,0,,1,01,7c4a7c99-436a-4ad3-93eb-75a098246cc0
2024-02-14,0.0,36,7c4a7c99-436a-4ad3-93eb-75a098246cc0,1,Akaki Kaliti,15539,0,,14,Oromia,7977969.48095703,13797.0985333016,14,Addis Abeba,001,140101101001,01/03,0,,1,01,7c4a7c99-436a-4ad3-93eb-75a098246cc0
2024-02-15,0.0,36,7c4a7c99-436a-4ad3-93eb-75a098246cc0,1,Akaki Kaliti,15539,0,,14,Oromia,7977969.48095703,13797.0985333016,14,Addis Abeba,001,140101101001,01/03,0,,1,01,7c4a7c99-436a-4ad3-93eb-75a098246cc0
2024-02-16,0.0,36,7c4a7c99-436a-4ad3-93eb-75a098246cc0,1,Akaki Kaliti,15539,0,,14,Oromia,7977969.48095703,13797.0985333016,14,Addis Abeba,001,140101101001,01/03,0,,1,01,7c4a7c99-436a-4ad3-93eb-75a098246cc0
2024-02-17,0.0,36,7c4a7c99-436a-4ad3-93eb-75a098246cc0,1,Akaki Kaliti,15539,0,,14,Oromia,7977969.48095703,13797.0985333016,14,Addis Abeba,001,140101101001,01/03,0,,1,01,7c4a7c99-436a-4ad3-93eb-75a098246cc0
2024-02-18,0.0,36,7c4a7c99-436a-4ad3-93eb-75a098246cc0,1,Akaki Kaliti,15539,0,,14,Oromia,7977969.48095703,13797.0985333016,14,Addis Abeba,001,140101101001,01/03,0,,1,01,7c4a7c99-436a-4ad3-93eb-75a098246cc0
2024-02-19,0.0,36,7c4a7c99-436a-4ad3-93eb-75a098246cc0,1,Akaki Kaliti,15539,0,,14,Oromia,7977969.48095703,13797.0985333016,14,Addis Abeba,001,140101101001,01/03,0,,1,01,7c4a7c99-436a-4ad3-93eb-75a098246cc0
2024-02-20,0.0,36,7c4a7c99-436a-4ad3-93eb-75a098246cc0,1,Akaki Kaliti,15539,0,,14,Oromia,7977969.48095703,13797.0985333016,14,Addis Abeba,001,140101101001,01/03,0,,1,01,7c4a7c99-436a-4ad3-93eb-75a098246cc0
2024-02-21,0.0,36,7c4a7c99-436a-4ad3-93eb-75a098246cc0,1,Akaki Kaliti,15539,0,,14,Oromia,7977969.48095703,13797.0985333016,14,Addis Abeba,001,140101101001,01/03,0,,1,01,7c4a7c99-436a-4ad3-93eb-75a098246cc0
2024-02-22,0.0,36,7c4a7c99-436a-4ad3-93eb-75a098246cc0,1,Akaki Kaliti,15539,0,,14,Oromia,7977969.48095703,13797.0985333016,14,Addis Abeba,001,140101101001,01/03,0,,1,01,7c4a7c99-436a-4ad3-93eb-75a098246cc0
2024-02-23,0.0,36,7c4a7c99-436a-4ad3-93eb-75a098246cc0,1,Akaki Kaliti,15539,0,,14,Oromia,7977969.48095703,13797.0985333016,14,Addis Abeba,001,140101101001,01/03,0,,1,01,7c4a7c99-436a-4ad3-93eb-75a098246cc0
2024-02-24,0.0,36,7c4a7c99-436a-4ad3-93eb-75a098246cc0,1,Akaki Kaliti,15539,0,,14,Oromia,7977969.48095703,13797.0985333016,14,Addis Abeba,001,140101101001,01/03,0,,1,01,7c4a7c99-436a-4ad3-93eb-75a098246cc0
2024-02-25,0.0,36,7c4a7c99-436a-4ad3-93eb-75a098246cc0,1,Akaki Kaliti,15539,0,,14,Oromia,7977969.48095703,13797.0985333016,14,Addis Abeba,001,140101101001,01/03,0,,1,01,7c4a7c99-436a-4ad3-93eb-75a098246cc0
2024-02-26,0.0,36,7c4a7c99-436a-4ad3-93eb-75a098246cc0,1,Akaki Kaliti,15539,0,,14,Oromia,7977969.48095703,13797.0985333016,14,Addis Abeba,001,140101101001,01/03,0,,1,01,7c4a7c99-436a-4ad3-93eb-75a098246cc0
2024-02-27,0.0,36,7c4a7c99-436a-4ad3-93eb-75a098246cc0,1,Akaki Kaliti,15539,0,,14,Oromia,7977969.48095703,13797.0985333016,14,Addis Abeba,001,140101101001,01/03,0,,1,01,7c4a7c99-436a-4ad3-93eb-75a098246cc0
2024-02-28,0.0,36,7c4a7c99-436a-4ad3-93eb-75a098246cc0,1,Akaki Kaliti,15539,0,,14,Oromia,7977969.48095703,13797.0985333016,14,Addis Abeba,001,140101101001,01/03,0,,1,01,7c4a7c99-436a-4ad3-93eb-75a098246cc0
2024-02-29,0.0,36,7c4a7c99-436a-4ad3-93eb-75a098246cc0,1,Akaki Kaliti,15539,0,,14,Oromia,7977969.48095703,13797.0985333016,14,Addis Abeba,001,140101101001,01/03,0,,1,01,7c4a7c99-436a-4ad3-93eb-75a098246cc0
2024-03-01,0.0,36,7c4a7c99-436a-4ad3-93eb-75a098246cc0,1,Akaki Kaliti,15539,0,,14,Oromia,7977969.48095703,13797.0985333016,14,Addis Abeba,001,140101101001,01/03,0,,1,01,7c4a7c99-436a-4ad3-93eb-75a098246cc0
2024-03-02,0.0,36,7c4a7c99-436a-4ad3-93eb-75a098246cc0,1,Akaki Kaliti,15539,0,,14,Oromia,7977969.48095703,13797.0985333016,14,Addis Abeba,001,140101101001,01/03,0,,1,01,7c4a7c99-436a-4ad3-93eb-75a098246cc0
2024-03-03,0.0,36,7c4a7c99-436a-4ad3-93eb-75a098246cc0,1,Akaki Kaliti,15539,0,,14,Oromia,7977969.48095703,13797.0985333016,14,Addis Abeba,001,140101101001,01/03,0,,1,01,7c4a7c99-436a-4ad3-93eb-75a098246cc0
2024-03-04,0.0,36,7c4a7c99-436a-4ad3-93eb-75a098246cc0,1,Akaki Kaliti,15539,0,,14,Oromia,7977969.48095703,13797.0985333016,14,Addis Abeba,001,140101101001,01/03,0,,1,01,7c4a7c99-436a-4ad3-93eb-75a098246cc0
2024-03-05,18.043895721435547,36,7c4a7c99-436a-4ad3-93eb-75a098246cc0,1,Akaki Kaliti,15539,0,,14,Oromia,7977969.48095703,13797.0985333016,14,Addis Abeba,001,140101101001,01/03,0,,1,01,7c4a7c99-436a-4ad3-93eb-75a098246cc0
2024-03-06,0.0,36,7c4a7c99-436a-4ad3-93eb-75a098246cc0,1,Akaki Kaliti,15539,0,,14,Oromia,7977969.48095703,13797.0985333016,14,Addis Abeba,001,140101101001,01/03,0,,1,01,7c4a7c99-436a-4ad3-93eb-75a098246cc0
2024-03-07,0.0,36,7c4a7c99-436a-4ad3-93eb-75a098246cc0,1,Akaki Kaliti,15539,0,,14,Oromia,7977969.48095703,13797.0985333016,14,Addis Abeba,001,140101101001,01/03,0,,1,01,7c4a7c99-436a-4ad3-93eb-75a098246cc0
2024-03-08,0.0,36,7c4a7c99-436a-4ad3-93eb-75a098246cc0,1,Akaki Kaliti,15539,0,,14,Oromia,7977969.48095703,13797.0985333016,14,Addis Abeba,001,140101101001,01/03,0,,1,01,7c4a7c99-436a-4ad3-93eb-75a098246cc0
2024-03-09,11.807186126708984,36,7c4a7c99-436a-4ad3-93eb-75a098246cc0,1,Akaki Kaliti,15539,0,,14,Oromia,7977969.48095703,13797.0985333016,14,Addis Abeba,001,140101101001,01/03,0,,1,01,7c4a7c99-436a-4ad3-93eb-75a098246cc0
2024-03-10,0.0,36,7c4a7c99-436a-4ad3-93eb-75a098246cc0,1,Akaki Kaliti,15539,0,,14,Oromia,7977969.48095703,13797.0985333016,14,Addis Abeba,001,140101101001,01/03,0,,1,01,7c4a7c99-436a-4ad3-93eb-75a098246cc0
2024-03-11,0.0,36,7c4a7c99-436a-4ad3-93eb-75a098246cc0,1,Akaki Kaliti,15539,0,,14,Oromia,7977969.48095703,13797.0985333016,14,Addis Abeba,001,140101101001,01/03,0,,1,01,7c4a7c99-436a-4ad3-93eb-75a098246cc0
2024-03-12,0.0,36,7c4a7c99-436a-4ad3-93eb-75a098246cc0,1,Akaki Kaliti,15539,0,,14,Oromia,7977969.48095703,13797.0985333016,14,Addis Abeba,001,140101101001,01/03,0,,1,01,7c4a7c99-436a-4ad3-93eb-75a098246cc0
2024-03-13,0.0,36,7c4a7c99-436a-4ad3-93eb-75a098246cc0,1,Akaki Kaliti,15539,0,,14,Oromia,7977969.48095703,13797.0985333016,14,Addis Abeba,001,140101101001,01/03,0,,1,01,7c4a7c99-436a-4ad3-93eb-75a098246cc0
2024-03-14,0.0,36,7c4a7c99-436a-4ad3-93eb-75a098246cc0,1,Akaki Kaliti,15539,0,,14,Oromia,7977969.48095703,13797.0985333016,14,Addis Abeba,001,140101101001,01/03,0,,1,01,7c4a7c99-436a-4ad3-93eb-75a098246cc0
2024-03-15,0.0,36,7c4a7c99-436a-4ad3-93eb-75a098246cc0,1,Akaki Kaliti,15539,0,,14,Oromia,7977969.48095703,13797.0985333016,14,Addis Abeba,001,140101101001,01/03,0,,1,01,7c4a7c99-436a-4ad3-93eb-75a098246cc0
2024-03-16,0.0,36,7c4a7c99-436a-4ad3-93eb-75a098246cc0,1,Akaki Kaliti,15539,0,,14,Oromia,7977969.48095703,13797.0985333016,14,Addis Abeba,001,140101101001,01/03,0,,1,01,7c4a7c99-436a-4ad3-93eb-75a098246cc0
2024-03-17,0.0,36,7c4a7c99-436a-4ad3-93eb-75a098246cc0,1,Akaki Kaliti,15539,0,,14,Oromia,7977969.48095703,13797.0985333016,14,Addis Abeba,001,140101101001,01/03,0,,1,01,7c4a7c99-436a-4ad3-93eb-75a098246cc0
2024-03-18,0.0,36,7c4a7c99-436a-4ad3-93eb-75a098246cc0,1,Akaki Kaliti,15539,0,,14,Oromia,7977969.48095703,13797.0985333016,14,Addis Abeba,001,140101101001,01/03,0,,1,01,7c4a7c99-436a-4ad3-93eb-75a098246cc0
2024-03-19,0.0,36,7c4a7c99-436a-4ad3-93eb-75a098246cc0,1,Akaki Kaliti,15539,0,,14,Oromia,7977969.48095703,13797.0985333016,14,Addis Abeba,001,140101101001,01/03,0,,1,01,7c4a7c99-436a-4ad3-93eb-75a098246cc0
2024-03-20,0.0,36,7c4a7c99-436a-4ad3-93eb-75a098246cc0,1,Akaki Kaliti,15539,0,,14,Oromia,7977969.48095703,13797.0985333016,14,Addis Abeba,001,140101101001,01/03,0,,1,01,7c4a7c99-436a-4ad3-93eb-75a098246cc0
2024-03-21,0.0,36,7c4a7c99-436a-4ad3-93eb-75a098246cc0,1,Akaki Kaliti,15539,0,,14,Oromia,7977969.48095703,13797.0985333016,14,Addis Abeba,001,140101101001,01/03,0,,1,01,7c4a7c99-436a-4ad3-93eb-75a098246cc0
2024-03-22,0.0,36,7c4a7c99-436a-4ad3-93eb-75a098246cc0,1,Akaki Kaliti,15539,0,,14,Oromia,7977969.48095703,13797.0985333016,14,Addis Abeba,001,140101101001,01/03,0,,1,01,7c4a7c99-436a-4ad3-93eb-75a098246cc0
2024-03-23,0.0,36,7c4a7c99-436a-4ad3-93eb-75a098246cc0,1,Akaki Kaliti,15539,0,,14,Oromia,7977969.48095703,13797.0985333016,14,Addis Abeba,001,140101101001,01/03,0,,1,01,7c4a7c99-436a-4ad3-93eb-75a098246cc0
2024-03-24,12.668065071105957,36,7c4a7c99-436a-4ad3-93eb-75a098246cc0,1,Akaki Kaliti,15539,0,,14,Oromia,7977969.48095703,13797.0985333016,14,Addis Abeba,001,140101101001,01/03,0,,1,01,7c4a7c99-436a-4ad3-93eb-75a098246cc0
2024-03-25,12.668065071105957,36,7c4a7c99-436a-4ad3-93eb-75a098246cc0,1,Akaki Kaliti,15539,0,,14,Oromia,7977969.48095703,13797.0985333016,14,Addis Abeba,001,140101101001,01/03,0,,1,01,7c4a7c99-436a-4ad3-93eb-75a098246cc0
2024-03-26,0.0,36,7c4a7c99-436a-4ad3-93eb-75a098246cc0,1,Akaki Kaliti,15539,0,,14,Oromia,7977969.48095703,13797.0985333016,14,Addis Abeba,001,140101101001,01/03,0,,1,01,7c4a7c99-436a-4ad3-93eb-75a098246cc0
2024-03-27,0.0,36,7c4a7c99-436a-4ad3-93eb-75a098246cc0,1,Akaki Kaliti,15539,0,,14,Oromia,7977969.48095703,13797.0985333016,14,Addis Abeba,001,140101101001,01/03,0,,1,01,7c4a7c99-436a-4ad3-93eb-75a098246cc0
2024-03-28,0.0,36,7c4a7c99-436a-4ad3-93eb-75a098246cc0,1,Akaki Kaliti,15539,0,,14,Oromia,7977969.48095703,13797.0985333016,14,Addis Abeba,001,140101101001,01/03,0,,1,01,7c4a7c99-436a-4ad3-93eb-75a098246cc0
2024-03-29,28.84477424621582,36,7c4a7c99-436a-4ad3-93eb-75a098246cc0,1,Akaki Kaliti,15539,0,,14,Oromia,7977969.48095703,13797.0985333016,14,Addis Abeba,001,140101101001,01/03,0,,1,01,7c4a7c99-436a-4ad3-93eb-75a098246cc0
2024-03-30,0.0,36,7c4a7c99-436a-4ad3-93eb-75a098246cc0,1,Akaki Kaliti,15539,0,,14,Oromia,7977969.48095703,13797.0985333016,14,Addis Abeba,001,140101101001,01/03,0,,1,01,7c4a7c99-436a-4ad3-93eb-75a098246cc0
2024-03-31,0.0,36,7c4a7c99-436a-4ad3-93eb-75a098246cc0,1,Akaki Kaliti,15539,0,,14,Oromia,7977969.48095703,13797.0985333016,14,Addis Abeba,001,140101101001,01/03,0,,1,01,7c4a7c99-436a-4ad3-93eb-75a098246cc0
2024-04-01,11.69825267791748,36,7c4a7c99-436a-4ad3-93eb-75a098246cc0,1,Akaki Kaliti,15539,0,,14,Oromia,7977969.48095703,13797.0985333016,14,Addis Abeba,001,140101101001,01/03,0,,1,01,7c4a7c99-436a-4ad3-93eb-75a098246cc0
2024-04-02,0.0,36,7c4a7c99-436a-4ad3-93eb-75a098246cc0,1,Akaki Kaliti,15539,0,,14,Oromia,7977969.48095703,13797.0985333016,14,Addis Abeba,001,140101101001,01/03,0,,1,01,7c4a7c99-436a-4ad3-93eb-75a098246cc0
2024-04-03,11.69825267791748,36,7c4a7c99-436a-4ad3-93eb-75a098246cc0,1,Akaki Kaliti,15539,0,,14,Oromia,7977969.48095703,13797.0985333016,14,Addis Abeba,001,140101101001,01/03,0,,1,01,7c4a7c99-436a-4ad3-93eb-75a098246cc0
2024-04-04,11.69825267791748,36,7c4a7c99-436a-4ad3-93eb-75a098246cc0,1,Akaki Kaliti,15539,0,,14,Oromia,7977969.48095703,13797.0985333016,14,Addis Abeba,001,140101101001,01/03,0,,1,01,7c4a7c99-436a-4ad3-93eb-75a098246cc0
2024-04-05,0.0,36,7c4a7c99-436a-4ad3-93eb-75a098246cc0,1,Akaki Kaliti,15539,0,,14,Oromia,7977969.48095703,13797.0985333016,14,Addis Abeba,001,140101101001,01/03,0,,1,01,7c4a7c99-436a-4ad3-93eb-75a098246cc0
2024-04-06,0.0,36,7c4a7c99-436a-4ad3-93eb-75a098246cc0,1,Akaki Kaliti,15539,0,,14,Oromia,7977969.48095703,13797.0985333016,14,Addis Abeba,001,140101101001,01/03,0,,1,01,7c4a7c99-436a-4ad3-93eb-75a098246cc0
2024-04-07,0.0,36,7c4a7c99-436a-4ad3-93eb-75a098246cc0,1,Akaki Kaliti,15539,0,,14,Oromia,7977969.48095703,13797.0985333016,14,Addis Abeba,001,140101101001,01/03,0,,1,01,7c4a7c99-436a-4ad3-93eb-75a098246cc0
2024-04-08,0.0,36,7c4a7c99-436a-4ad3-93eb-75a098246cc0,1,Akaki Kaliti,15539,0,,14,Oromia,7977969.48095703,13797.0985333016,14,Addis Abeba,001,140101101001,01/03,0,,1,01,7c4a7c99-436a-4ad3-93eb-75a098246cc0
2024-04-09,0.0,36,7c4a7c99-436a-4ad3-93eb-75a098246cc0,1,Akaki Kaliti,15539,0,,14,Oromia,7977969.48095703,13797.0985333016,14,Addis Abeba,001,140101101001,01/03,0,,1,01,7c4a7c99-436a-4ad3-93eb-75a098246cc0
2024-04-10,14.482807159423828,36,7c4a7c99-436a-4ad3-93eb-75a098246cc0,1,Akaki Kaliti,15539,0,,14,Oromia,7977969.48095703,13797.0985333016,14,Addis Abeba,001,140101101001,01/03,0,,1,01,7c4a7c99-436a-4ad3-93eb-75a098246cc0
2024-04-11,0.7802560925483704,36,7c4a7c99-436a-4ad3-93eb-75a098246cc0,1,Akaki Kaliti,15539,0,,14,Oromia,7977969.48095703,13797.0985333016,14,Addis Abeba,001,140101101001,01/03,0,,1,01,7c4a7c99-436a-4ad3-93eb-75a098246cc0
2024-04-12,0.00032299724989570677,36,7c4a7c99-436a-4ad3-93eb-75a098246cc0,1,Akaki Kaliti,15539,0,,14,Oromia,7977969.48095703,13797.0985333016,14,Addis Abeba,001,140101101001,01/03,0,,1,01,7c4a7c99-436a-4ad3-93eb-75a098246cc0
2024-04-13,0.5967617034912109,36,7c4a7c99-436a-4ad3-93eb-75a098246cc0,1,Akaki Kaliti,15539,0,,14,Oromia,7977969.48095703,13797.0985333016,14,Addis Abeba,001,140101101001,01/03,0,,1,01,7c4a7c99-436a-4ad3-93eb-75a098246cc0
2024-04-14,0.3024980425834656,36,7c4a7c99-436a-4ad3-93eb-75a098246cc0,1,Akaki Kaliti,15539,0,,14,Oromia,7977969.48095703,13797.0985333016,14,Addis Abeba,001,140101101001,01/03,0,,1,01,7c4a7c99-436a-4ad3-93eb-75a098246cc0
2024-04-15,1.1333320140838623,36,7c4a7c99-436a-4ad3-93eb-75a098246cc0,1,Akaki Kaliti,15539,0,,14,Oromia,7977969.48095703,13797.0985333016,14,Addis Abeba,001,140101101001,01/03,0,,1,01,7c4a7c99-436a-4ad3-93eb-75a098246cc0
2024-04-16,10.292557716369629,36,7c4a7c99-436a-4ad3-93eb-75a098246cc0,1,Akaki Kaliti,15539,0,,14,Oromia,7977969.48095703,13797.0985333016,14,Addis Abeba,001,140101101001,01/03,0,,1,01,7c4a7c99-436a-4ad3-93eb-75a098246cc0
2024-04-17,0.0,36,7c4a7c99-436a-4ad3-93eb-75a098246cc0,1,Akaki Kaliti,15539,0,,14,Oromia,7977969.48095703,13797.0985333016,14,Addis Abeba,001,140101101001,01/03,0,,1,01,7c4a7c99-436a-4ad3-93eb-75a098246cc0
2024-04-18,0.0,36,7c4a7c99-436a-4ad3-93eb-75a098246cc0,1,Akaki Kaliti,15539,0,,14,Oromia,7977969.48095703,13797.0985333016,14,Addis Abeba,001,140101101001,01/03,0,,1,01,7c4a7c99-436a-4ad3-93eb-75a098246cc0
2024-04-19,10.292557716369629,36,7c4a7c99-436a-4ad3-93eb-75a098246cc0,1,Akaki Kaliti,15539,0,,14,Oromia,7977969.48095703,13797.0985333016,14,Addis Abeba,001,140101101001,01/03,0,,1,01,7c4a7c99-436a-4ad3-93eb-75a098246cc0
2024-04-20,0.0,36,7c4a7c99-436a-4ad3-93eb-75a098246cc0,1,Akaki Kaliti,15539,0,,14,Oromia,7977969.48095703,13797.0985333016,14,Addis Abeba,001,140101101001,01/03,0,,1,01,7c4a7c99-436a-4ad3-93eb-75a098246cc0
2024-04-21,0.0,36,7c4a7c99-436a-4ad3-93eb-75a098246cc0,1,Akaki Kaliti,15539,0,,14,Oromia,7977969.48095703,13797.0985333016,14,Addis Abeba,001,140101101001,01/03,0,,1,01,7c4a7c99-436a-4ad3-93eb-75a098246cc0
2024-04-22,0.0,36,7c4a7c99-436a-4ad3-93eb-75a098246cc0,1,Akaki Kaliti,15539,0,,14,Oromia,7977969.48095703,13797.0985333016,14,Addis Abeba,001,140101101001,01/03,0,,1,01,7c4a7c99-436a-4ad3-93eb-75a098246cc0
2024-04-23,0.0,36,7c4a7c99-436a-4ad3-93eb-75a098246cc0,1,Akaki Kaliti,15539,0,,14,Oromia,7977969.48095703,13797.0985333016,14,Addis Abeba,001,140101101001,01/03,0,,1,01,7c4a7c99-436a-4ad3-93eb-75a098246cc0
2024-04-24,9.030505180358887,36,7c4a7c99-436a-4ad3-93eb-75a098246cc0,1,Akaki Kaliti,15539,0,,14,Oromia,7977969.48095703,13797.0985333016,14,Addis Abeba,001,140101101001,01/03,0,,1,01,7c4a7c99-436a-4ad3-93eb-75a098246cc0
2024-04-25,0.0,36,7c4a7c99-436a-4ad3-93eb-75a098246cc0,1,Akaki Kaliti,15539,0,,14,Oromia,7977969.48095703,13797.0985333016,14,Addis Abeba,001,140101101001,01/03,0,,1,01,7c4a7c99-436a-4ad3-93eb-75a098246cc0
2024-04-26,0.0,36,7c4a7c99-436a-4ad3-93eb-75a098246cc0,1,Akaki Kaliti,15539,0,,14,Oromia,7977969.48095703,13797.0985333016,14,Addis Abeba,001,140101101001,01/03,0,,1,01,7c4a7c99-436a-4ad3-93eb-75a098246cc0
2024-04-27,0.0,36,7c4a7c99-436a-4ad3-93eb-75a098246cc0,1,Akaki Kaliti,15539,0,,14,Oromia,7977969.48095703,13797.0985333016,14,Addis Abeba,001,140101101001,01/03,0,,1,01,7c4a7c99-436a-4ad3-93eb-75a098246cc0
2024-04-28,0.0,36,7c4a7c99-436a-4ad3-93eb-75a098246cc0,1,Akaki Kaliti,15539,0,,14,Oromia,7977969.48095703,13797.0985333016,14,Addis Abeba,001,140101101001,01/03,0,,1,01,7c4a7c99-436a-4ad3-93eb-75a098246cc0
2024-04-29,0.0,36,7c4a7c99-436a-4ad3-93eb-75a098246cc0,1,Akaki Kaliti,15539,0,,14,Oromia,7977969.48095703,13797.0985333016,14,Addis Abeba,001,140101101001,01/03,0,,1,01,7c4a7c99-436a-4ad3-93eb-75a098246cc0
2024-04-30,0.0,36,7c4a7c99-436a-4ad3-93eb-75a098246cc0,1,Akaki Kaliti,15539,0,,14,Oromia,7977969.48095703,13797.0985333016,14,Addis Abeba,001,140101101001,01/03,0,,1,01,7c4a7c99-436a-4ad3-93eb-75a098246cc0
2024-05-01,23.081764221191406,36,7c4a7c99-436a-4ad3-93eb-75a098246cc0,1,Akaki Kaliti,15539,0,,14,Oromia,7977969.48095703,13797.0985333016,14,Addis Abeba,001,140101101001,01/03,0,,1,01,7c4a7c99-436a-4ad3-93eb-75a098246cc0
2024-05-02,11.540882110595703,36,7c4a7c99-436a-4ad3-93eb-75a098246cc0,1,Akaki Kaliti,15539,0,,14,Oromia,7977969.48095703,13797.0985333016,14,Addis Abeba,001,140101101001,01/03,0,,1,01,7c4a7c99-436a-4ad3-93eb-75a098246cc0
2024-05-03,11.540882110595703,36,7c4a7c99-436a-4ad3-93eb-75a098246cc0,1,Akaki Kaliti,15539,0,,14,Oromia,7977969.48095703,13797.0985333016,14,Addis Abeba,001,140101101001,01/03,0,,1,01,7c4a7c99-436a-4ad3-93eb-75a098246cc0
2024-05-04,0.0,36,7c4a7c99-436a-4ad3-93eb-75a098246cc0,1,Akaki Kaliti,15539,0,,14,Oromia,7977969.48095703,13797.0985333016,14,Addis Abeba,001,140101101001,01/03,0,,1,01,7c4a7c99-436a-4ad3-93eb-75a098246cc0
2024-05-05,0.0,36,7c4a7c99-436a-4ad3-93eb-75a098246cc0,1,Akaki Kaliti,15539,0,,14,Oromia,7977969.48095703,13797.0985333016,14,Addis Abeba,001,140101101001,01/03,0,,1,01,7c4a7c99-436a-4ad3-93eb-75a098246cc0
2024-05-06,0.0,36,7c4a7c99-436a-4ad3-93eb-75a098246cc0,1,Akaki Kaliti,15539,0,,14,Oromia,7977969.48095703,13797.0985333016,14,Addis Abeba,001,140101101001,01/03,0,,1,01,7c4a7c99-436a-4ad3-93eb-75a098246cc0
2024-05-07,0.0,36,7c4a7c99-436a-4ad3-93eb-75a098246cc0,1,Akaki Kaliti,15539,0,,14,Oromia,7977969.48095703,13797.0985333016,14,Addis Abeba,001,140101101001,01/03,0,,1,01,7c4a7c99-436a-4ad3-93eb-75a098246cc0
2024-05-08,0.0,36,7c4a7c99-436a-4ad3-93eb-75a098246cc0,1,Akaki Kaliti,15539,0,,14,Oromia,7977969.48095703,13797.0985333016,14,Addis Abeba,001,140101101001,01/03,0,,1,01,7c4a7c99-436a-4ad3-93eb-75a098246cc0
2024-05-09,0.0,36,7c4a7c99-436a-4ad3-93eb-75a098246cc0,1,Akaki Kaliti,15539,0,,14,Oromia,7977969.48095703,13797.0985333016,14,Addis Abeba,001,140101101001,01/03,0,,1,01,7c4a7c99-436a-4ad3-93eb-75a098246cc0
2024-05-10,0.0,36,7c4a7c99-436a-4ad3-93eb-75a098246cc0,1,Akaki Kaliti,15539,0,,14,Oromia,7977969.48095703,13797.0985333016,14,Addis Abeba,001,140101101001,01/03,0,,1,01,7c4a7c99-436a-4ad3-93eb-75a098246cc0
2024-05-11,0.0,36,7c4a7c99-436a-4ad3-93eb-75a098246cc0,1,Akaki Kaliti,15539,0,,14,Oromia,7977969.48095703,13797.0985333016,14,Addis Abeba,001,140101101001,01/03,0,,1,01,7c4a7c99-436a-4ad3-93eb-75a098246cc0
2024-05-12,0.0,36,7c4a7c99-436a-4ad3-93eb-75a098246cc0,1,Akaki Kaliti,15539,0,,14,Oromia,7977969.48095703,13797.0985333016,14,Addis Abeba,001,140101101001,01/03,0,,1,01,7c4a7c99-436a-4ad3-93eb-75a098246cc0
2024-05-13,0.0,36,7c4a7c99-436a-4ad3-93eb-75a098246cc0,1,Akaki Kaliti,15539,0,,14,Oromia,7977969.48095703,13797.0985333016,14,Addis Abeba,001,140101101001,01/03,0,,1,01,7c4a7c99-436a-4ad3-93eb-75a098246cc0
2024-05-14,0.0,36,7c4a7c99-436a-4ad3-93eb-75a098246cc0,1,Akaki Kaliti,15539,0,,14,Oromia,7977969.48095703,13797.0985333016,14,Addis Abeba,001,140101101001,01/03,0,,1,01,7c4a7c99-436a-4ad3-93eb-75a098246cc0
2024-05-15,0.0,36,7c4a7c99-436a-4ad3-93eb-75a098246cc0,1,Akaki Kaliti,15539,0,,14,Oromia,7977969.48095703,13797.0985333016,14,Addis Abeba,001,140101101001,01/03,0,,1,01,7c4a7c99-436a-4ad3-93eb-75a098246cc0
2024-05-16,0.799014687538147,36,7c4a7c99-436a-4ad3-93eb-75a098246cc0,1,Akaki Kaliti,15539,0,,14,Oromia,7977969.48095703,13797.0985333016,14,Addis Abeba,001,140101101001,01/03,0,,1,01,7c4a7c99-436a-4ad3-93eb-75a098246cc0
2024-05-17,1.7135614156723022,36,7c4a7c99-436a-4ad3-93eb-75a098246cc0,1,Akaki Kaliti,15539,0,,14,Oromia,7977969.48095703,13797.0985333016,14,Addis Abeba,001,140101101001,01/03,0,,1,01,7c4a7c99-436a-4ad3-93eb-75a098246cc0
2024-05-18,1.9962685108184814,36,7c4a7c99-436a-4ad3-93eb-75a098246cc0,1,Akaki Kaliti,15539,0,,14,Oromia,7977969.48095703,13797.0985333016,14,Addis Abeba,001,140101101001,01/03,0,,1,01,7c4a7c99-436a-4ad3-93eb-75a098246cc0
2024-05-19,1.779207706451416,36,7c4a7c99-436a-4ad3-93eb-75a098246cc0,1,Akaki Kaliti,15539,0,,14,Oromia,7977969.48095703,13797.0985333016,14,Addis Abeba,001,140101101001,01/03,0,,1,01,7c4a7c99-436a-4ad3-93eb-75a098246cc0
2024-05-20,0.2674418091773987,36,7c4a7c99-436a-4ad3-93eb-75a098246cc0,1,Akaki Kaliti,15539,0,,14,Oromia,7977969.48095703,13797.0985333016,14,Addis Abeba,001,140101101001,01/03,0,,1,01,7c4a7c99-436a-4ad3-93eb-75a098246cc0
2024-05-21,0.0,36,7c4a7c99-436a-4ad3-93eb-75a098246cc0,1,Akaki Kaliti,15539,0,,14,Oromia,7977969.48095703,13797.0985333016,14,Addis Abeba,001,140101101001,01/03,0,,1,01,7c4a7c99-436a-4ad3-93eb-75a098246cc0
2024-05-22,0.0,36,7c4a7c99-436a-4ad3-93eb-75a098246cc0,1,Akaki Kaliti,15539,0,,14,Oromia,7977969.48095703,13797.0985333016,14,Addis Abeba,001,140101101001,01/03,0,,1,01,7c4a7c99-436a-4ad3-93eb-75a098246cc0
2024-05-23,0.0,36,7c4a7c99-436a-4ad3-93eb-75a098246cc0,1,Akaki Kaliti,15539,0,,14,Oromia,7977969.48095703,13797.0985333016,14,Addis Abeba,001,140101101001,01/03,0,,1,01,7c4a7c99-436a-4ad3-93eb-75a098246cc0
2024-05-24,0.0,36,7c4a7c99-436a-4ad3-93eb-75a098246cc0,1,Akaki Kaliti,15539,0,,14,Oromia,7977969.48095703,13797.0985333016,14,Addis Abeba,001,140101101001,01/03,0,,1,01,7c4a7c99-436a-4ad3-93eb-75a098246cc0
2024-05-25,0.0,36,7c4a7c99-436a-4ad3-93eb-75a098246cc0,1,Akaki Kaliti,15539,0,,14,Oromia,7977969.48095703,13797.0985333016,14,Addis Abeba,001,140101101001,01/03,0,,1,01,7c4a7c99-436a-4ad3-93eb-75a098246cc0
2024-05-26,0.0,36,7c4a7c99-436a-4ad3-93eb-75a098246cc0,1,Akaki Kaliti,15539,0,,14,Oromia,7977969.48095703,13797.0985333016,14,Addis Abeba,001,140101101001,01/03,0,,1,01,7c4a7c99-436a-4ad3-93eb-75a098246cc0
2024-05-27,0.0,36,7c4a7c99-436a-4ad3-93eb-75a098246cc0,1,Akaki Kaliti,15539,0,,14,Oromia,7977969.48095703,13797.0985333016,14,Addis Abeba,001,140101101001,01/03,0,,1,01,7c4a7c99-436a-4ad3-93eb-75a098246cc0
2024-05-28,0.0,36,7c4a7c99-436a-4ad3-93eb-75a098246cc0,1,Akaki Kaliti,15539,0,,14,Oromia,7977969.48095703,13797.0985333016,14,Addis Abeba,001,140101101001,01/03,0,,1,01,7c4a7c99-436a-4ad3-93eb-75a098246cc0
2024-05-29,0.0,36,7c4a7c99-436a-4ad3-93eb-75a098246cc0,1,Akaki Kaliti,15539,0,,14,Oromia,7977969.48095703,13797.0985333016,14,Addis Abeba,001,140101101001,01/03,0,,1,01,7c4a7c99-436a-4ad3-93eb-75a098246cc0
2024-05-30,0.0,36,7c4a7c99-436a-4ad3-93eb-75a098246cc0,1,Akaki Kaliti,15539,0,,14,Oromia,7977969.48095703,13797.0985333016,14,Addis Abeba,001,140101101001,01/03,0,,1,01,7c4a7c99-436a-4ad3-93eb-75a098246cc0
2024-05-31,0.0,36,7c4a7c99-436a-4ad3-93eb-75a098246cc0,1,Akaki Kaliti,15539,0,,14,Oromia,7977969.48095703,13797.0985333016,14,Addis Abeba,001,140101101001,01/03,0,,1,01,7c4a7c99-436a-4ad3-93eb-75a098246cc0
2024-06-01,0.0,36,7c4a7c99-436a-4ad3-93eb-75a098246cc0,1,Akaki Kaliti,15539,0,,14,Oromia,7977969.48095703,13797.0985333016,14,Addis Abeba,001,140101101001,01/03,0,,1,01,7c4a7c99-436a-4ad3-93eb-75a098246cc0
2024-06-02,0.0,36,7c4a7c99-436a-4ad3-93eb-75a098246cc0,1,Akaki Kaliti,15539,0,,14,Oromia,7977969.48095703,13797.0985333016,14,Addis Abeba,001,140101101001,01/03,0,,1,01,7c4a7c99-436a-4ad3-93eb-75a098246cc0
2024-06-03,0.0,36,7c4a7c99-436a-4ad3-93eb-75a098246cc0,1,Akaki Kaliti,15539,0,,14,Oromia,7977969.48095703,13797.0985333016,14,Addis Abeba,001,140101101001,01/03,0,,1,01,7c4a7c99-436a-4ad3-93eb-75a098246cc0
2024-06-04,0.0,36,7c4a7c99-436a-4ad3-93eb-75a098246cc0,1,Akaki Kaliti,15539,0,,14,Oromia,7977969.48095703,13797.0985333016,14,Addis Abeba,001,140101101001,01/03,0,,1,01,7c4a7c99-436a-4ad3-93eb-75a098246cc0
2024-06-05,0.0,36,7c4a7c99-436a-4ad3-93eb-75a098246cc0,1,Akaki Kaliti,15539,0,,14,Oromia,7977969.48095703,13797.0985333016,14,Addis Abeba,001,140101101001,01/03,0,,1,01,7c4a7c99-436a-4ad3-93eb-75a098246cc0
2024-06-06,0.0,36,7c4a7c99-436a-4ad3-93eb-75a098246cc0,1,Akaki Kaliti,15539,0,,14,Oromia,7977969.48095703,13797.0985333016,14,Addis Abeba,001,140101101001,01/03,0,,1,01,7c4a7c99-436a-4ad3-93eb-75a098246cc0
2024-06-07,0.0,36,7c4a7c99-436a-4ad3-93eb-75a098246cc0,1,Akaki Kaliti,15539,0,,14,Oromia,7977969.48095703,13797.0985333016,14,Addis Abeba,001,140101101001,01/03,0,,1,01,7c4a7c99-436a-4ad3-93eb-75a098246cc0
2024-06-08,0.0,36,7c4a7c99-436a-4ad3-93eb-75a098246cc0,1,Akaki Kaliti,15539,0,,14,Oromia,7977969.48095703,13797.0985333016,14,Addis Abeba,001,140101101001,01/03,0,,1,01,7c4a7c99-436a-4ad3-93eb-75a098246cc0
2024-06-09,0.0,36,7c4a7c99-436a-4ad3-93eb-75a098246cc0,1,Akaki Kaliti,15539,0,,14,Oromia,7977969.48095703,13797.0985333016,14,Addis Abeba,001,140101101001,01/03,0,,1,01,7c4a7c99-436a-4ad3-93eb-75a098246cc0
2024-06-10,23.268163681030273,36,7c4a7c99-436a-4ad3-93eb-75a098246cc0,1,Akaki Kaliti,15539,0,,14,Oromia,7977969.48095703,13797.0985333016,14,Addis Abeba,001,140101101001,01/03,0,,1,01,7c4a7c99-436a-4ad3-93eb-75a098246cc0
2024-06-11,6.005008697509766,36,7c4a7c99-436a-4ad3-93eb-75a098246cc0,1,Akaki Kaliti,15539,0,,14,Oromia,7977969.48095703,13797.0985333016,14,Addis Abeba,001,140101101001,01/03,0,,1,01,7c4a7c99-436a-4ad3-93eb-75a098246cc0
2024-06-12,14.259416580200195,36,7c4a7c99-436a-4ad3-93eb-75a098246cc0,1,Akaki Kaliti,15539,0,,14,Oromia,7977969.48095703,13797.0985333016,14,Addis Abeba,001,140101101001,01/03,0,,1,01,7c4a7c99-436a-4ad3-93eb-75a098246cc0
2024-06-13,16.790937423706055,36,7c4a7c99-436a-4ad3-93eb-75a098246cc0,1,Akaki Kaliti,15539,0,,14,Oromia,7977969.48095703,13797.0985333016,14,Addis Abeba,001,140101101001,01/03,0,,1,01,7c4a7c99-436a-4ad3-93eb-75a098246cc0
2024-06-14,0.941719651222229,36,7c4a7c99-436a-4ad3-93eb-75a098246cc0,1,Akaki Kaliti,15539,0,,14,Oromia,7977969.48095703,13797.0985333016,14,Addis Abeba,001,140101101001,01/03,0,,1,01,7c4a7c99-436a-4ad3-93eb-75a098246cc0
2024-06-15,0.0,36,7c4a7c99-436a-4ad3-93eb-75a098246cc0,1,Akaki Kaliti,15539,0,,14,Oromia,7977969.48095703,13797.0985333016,14,Addis Abeba,001,140101101001,01/03,0,,1,01,7c4a7c99-436a-4ad3-93eb-75a098246cc0
2024-06-16,0.0,36,7c4a7c99-436a-4ad3-93eb-75a098246cc0,1,Akaki Kaliti,15539,0,,14,Oromia,7977969.48095703,13797.0985333016,14,Addis Abeba,001,140101101001,01/03,0,,1,01,7c4a7c99-436a-4ad3-93eb-75a098246cc0
2024-06-17,0.0,36,7c4a7c99-436a-4ad3-93eb-75a098246cc0,1,Akaki Kaliti,15539,0,,14,Oromia,7977969.48095703,13797.0985333016,14,Addis Abeba,001,140101101001,01/03,0,,1,01,7c4a7c99-436a-4ad3-93eb-75a098246cc0
2024-06-18,0.0,36,7c4a7c99-436a-4ad3-93eb-75a098246cc0,1,Akaki Kaliti,15539,0,,14,Oromia,7977969.48095703,13797.0985333016,14,Addis Abeba,001,140101101001,01/03,0,,1,01,7c4a7c99-436a-4ad3-93eb-75a098246cc0
2024-06-19,0.0,36,7c4a7c99-436a-4ad3-93eb-75a098246cc0,1,Akaki Kaliti,15539,0,,14,Oromia,7977969.48095703,13797.0985333016,14,Addis Abeba,001,140101101001,01/03,0,,1,01,7c4a7c99-436a-4ad3-93eb-75a098246cc0
2024-06-20,0.0,36,7c4a7c99-436a-4ad3-93eb-75a098246cc0,1,Akaki Kaliti,15539,0,,14,Oromia,7977969.48095703,13797.0985333016,14,Addis Abeba,001,140101101001,01/03,0,,1,01,7c4a7c99-436a-4ad3-93eb-75a098246cc0
2024-06-21,12.043206214904785,36,7c4a7c99-436a-4ad3-93eb-75a098246cc0,1,Akaki Kaliti,15539,0,,14,Oromia,7977969.48095703,13797.0985333016,14,Addis Abeba,001,140101101001,01/03,0,,1,01,7c4a7c99-436a-4ad3-93eb-75a098246cc0
2024-06-22,6.021603107452393,36,7c4a7c99-436a-4ad3-93eb-75a098246cc0,1,Akaki Kaliti,15539,0,,14,Oromia,7977969.48095703,13797.0985333016,14,Addis Abeba,001,140101101001,01/03,0,,1,01,7c4a7c99-436a-4ad3-93eb-75a098246cc0
2024-06-23,0.0,36,7c4a7c99-436a-4ad3-93eb-75a098246cc0,1,Akaki Kaliti,15539,0,,14,Oromia,7977969.48095703,13797.0985333016,14,Addis Abeba,001,140101101001,01/03,0,,1,01,7c4a7c99-436a-4ad3-93eb-75a098246cc0
2024-06-24,0.0,36,7c4a7c99-436a-4ad3-93eb-75a098246cc0,1,Akaki Kaliti,15539,0,,14,Oromia,7977969.48095703,13797.0985333016,14,Addis Abeba,001,140101101001,01/03,0,,1,01,7c4a7c99-436a-4ad3-93eb-75a098246cc0
2024-06-25,0.0,36,7c4a7c99-436a-4ad3-93eb-75a098246cc0,1,Akaki Kaliti,15539,0,,14,Oromia,7977969.48095703,13797.0985333016,14,Addis Abeba,001,140101101001,01/03,0,,1,01,7c4a7c99-436a-4ad3-93eb-75a098246cc0
2024-06-26,0.0,36,7c4a7c99-436a-4ad3-93eb-75a098246cc0,1,Akaki Kaliti,15539,0,,14,Oromia,7977969.48095703,13797.0985333016,14,Addis Abeba,001,140101101001,01/03,0,,1,01,7c4a7c99-436a-4ad3-93eb-75a098246cc0
2024-06-27,28.02729606628418,36,7c4a7c99-436a-4ad3-93eb-75a098246cc0,1,Akaki Kaliti,15539,0,,14,Oromia,7977969.48095703,13797.0985333016,14,Addis Abeba,001,140101101001,01/03,0,,1,01,7c4a7c99-436a-4ad3-93eb-75a098246cc0
2024-06-28,0.0,36,7c4a7c99-436a-4ad3-93eb-75a098246cc0,1,Akaki Kaliti,15539,0,,14,Oromia,7977969.48095703,13797.0985333016,14,Addis Abeba,001,140101101001,01/03,0,,1,01,7c4a7c99-436a-4ad3-93eb-75a098246cc0
2024-06-29,0.0,36,7c4a7c99-436a-4ad3-93eb-75a098246cc0,1,Akaki Kaliti,15539,0,,14,Oromia,7977969.48095703,13797.0985333016,14,Addis Abeba,001,140101101001,01/03,0,,1,01,7c4a7c99-436a-4ad3-93eb-75a098246cc0
2024-06-30,0.0,36,7c4a7c99-436a-4ad3-93eb-75a098246cc0,1,Akaki Kaliti,15539,0,,14,Oromia,7977969.48095703,13797.0985333016,14,Addis Abeba,001,140101101001,01/03,0,,1,01,7c4a7c99-436a-4ad3-93eb-75a098246cc0
2024-07-01,0.0,36,7c4a7c99-436a-4ad3-93eb-75a098246cc0,1,Akaki Kaliti,15539,0,,14,Oromia,7977969.48095703,13797.0985333016,14,Addis Abeba,001,140101101001,01/03,0,,1,01,7c4a7c99-436a-4ad3-93eb-75a098246cc0
2024-07-02,13.37717342376709,36,7c4a7c99-436a-4ad3-93eb-75a098246cc0,1,Akaki Kaliti,15539,0,,14,Oromia,7977969.48095703,13797.0985333016,14,Addis Abeba,001,140101101001,01/03,0,,1,01,7c4a7c99-436a-4ad3-93eb-75a098246cc0
2024-07-03,0.0,36,7c4a7c99-436a-4ad3-93eb-75a098246cc0,1,Akaki Kaliti,15539,0,,14,Oromia,7977969.48095703,13797.0985333016,14,Addis Abeba,001,140101101001,01/03,0,,1,01,7c4a7c99-436a-4ad3-93eb-75a098246cc0
2024-07-04,0.0,36,7c4a7c99-436a-4ad3-93eb-75a098246cc0,1,Akaki Kaliti,15539,0,,14,Oromia,7977969.48095703,13797.0985333016,14,Addis Abeba,001,140101101001,01/03,0,,1,01,7c4a7c99-436a-4ad3-93eb-75a098246cc0
2024-07-05,40.13152313232422,36,7c4a7c99-436a-4ad3-93eb-75a098246cc0,1,Akaki Kaliti,15539,0,,14,Oromia,7977969.48095703,13797.0985333016,14,Addis Abeba,001,140101101001,01/03,0,,1,01,7c4a7c99-436a-4ad3-93eb-75a098246cc0
2024-07-06,8.749493598937988,36,7c4a7c99-436a-4ad3-93eb-75a098246cc0,1,Akaki Kaliti,15539,0,,14,Oromia,7977969.48095703,13797.0985333016,14,Addis Abeba,001,140101101001,01/03,0,,1,01,7c4a7c99-436a-4ad3-93eb-75a098246cc0
2024-07-07,8.749493598937988,36,7c4a7c99-436a-4ad3-93eb-75a098246cc0,1,Akaki Kaliti,15539,0,,14,Oromia,7977969.48095703,13797.0985333016,14,Addis Abeba,001,140101101001,01/03,0,,1,01,7c4a7c99-436a-4ad3-93eb-75a098246cc0
2024-07-08,17.498987197875977,36,7c4a7c99-436a-4ad3-93eb-75a098246cc0,1,Akaki Kaliti,15539,0,,14,Oromia,7977969.48095703,13797.0985333016,14,Addis Abeba,001,140101101001,01/03,0,,1,01,7c4a7c99-436a-4ad3-93eb-75a098246cc0
2024-07-09,17.498987197875977,36,7c4a7c99-436a-4ad3-93eb-75a098246cc0,1,Akaki Kaliti,15539,0,,14,Oromia,7977969.48095703,13797.0985333016,14,Addis Abeba,001,140101101001,01/03,0,,1,01,7c4a7c99-436a-4ad3-93eb-75a098246cc0
2024-07-10,17.498987197875977,36,7c4a7c99-436a-4ad3-93eb-75a098246cc0,1,Akaki Kaliti,15539,0,,14,Oromia,7977969.48095703,13797.0985333016,14,Addis Abeba,001,140101101001,01/03,0,,1,01,7c4a7c99-436a-4ad3-93eb-75a098246cc0
2024-07-11,0.0,36,7c4a7c99-436a-4ad3-93eb-75a098246cc0,1,Akaki Kaliti,15539,0,,14,Oromia,7977969.48095703,13797.0985333016,14,Addis Abeba,001,140101101001,01/03,0,,1,01,7c4a7c99-436a-4ad3-93eb-75a098246cc0
2024-07-12,19.473506927490234,36,7c4a7c99-436a-4ad3-93eb-75a098246cc0,1,Akaki Kaliti,15539,0,,14,Oromia,7977969.48095703,13797.0985333016,14,Addis Abeba,001,140101101001,01/03,0,,1,01,7c4a7c99-436a-4ad3-93eb-75a098246cc0
2024-07-13,19.473506927490234,36,7c4a7c99-436a-4ad3-93eb-75a098246cc0,1,Akaki Kaliti,15539,0,,14,Oromia,7977969.48095703,13797.0985333016,14,Addis Abeba,001,140101101001,01/03,0,,1,01,7c4a7c99-436a-4ad3-93eb-75a098246cc0
2024-07-14,9.736753463745117,36,7c4a7c99-436a-4ad3-93eb-75a098246cc0,1,Akaki Kaliti,15539,0,,14,Oromia,7977969.48095703,13797.0985333016,14,Addis Abeba,001,140101101001,01/03,0,,1,01,7c4a7c99-436a-4ad3-93eb-75a098246cc0
2024-07-15,19.473506927490234,36,7c4a7c99-436a-4ad3-93eb-75a098246cc0,1,Akaki Kaliti,15539,0,,14,Oromia,7977969.48095703,13797.0985333016,14,Addis Abeba,001,140101101001,01/03,0,,1,01,7c4a7c99-436a-4ad3-93eb-75a098246cc0
2024-07-16,51.94749069213867,36,7c4a7c99-436a-4ad3-93eb-75a098246cc0,1,Akaki Kaliti,15539,0,,14,Oromia,7977969.48095703,13797.0985333016,14,Addis Abeba,001,140101101001,01/03,0,,1,01,7c4a7c99-436a-4ad3-93eb-75a098246cc0
2024-07-17,0.0,36,7c4a7c99-436a-4ad3-93eb-75a098246cc0,1,Akaki Kaliti,15539,0,,14,Oromia,7977969.48095703,13797.0985333016,14,Addis Abeba,001,140101101001,01/03,0,,1,01,7c4a7c99-436a-4ad3-93eb-75a098246cc0
2024-07-18,0.0,36,7c4a7c99-436a-4ad3-93eb-75a098246cc0,1,Akaki Kaliti,15539,0,,14,Oromia,7977969.48095703,13797.0985333016,14,Addis Abeba,001,140101101001,01/03,0,,1,01,7c4a7c99-436a-4ad3-93eb-75a098246cc0
2024-07-19,0.0,36,7c4a7c99-436a-4ad3-93eb-75a098246cc0,1,Akaki Kaliti,15539,0,,14,Oromia,7977969.48095703,13797.0985333016,14,Addis Abeba,001,140101101001,01/03,0,,1,01,7c4a7c99-436a-4ad3-93eb-75a098246cc0
2024-07-20,0.0,36,7c4a7c99-436a-4ad3-93eb-75a098246cc0,1,Akaki Kaliti,15539,0,,14,Oromia,7977969.48095703,13797.0985333016,14,Addis Abeba,001,140101101001,01/03,0,,1,01,7c4a7c99-436a-4ad3-93eb-75a098246cc0
2024-07-21,11.975765228271484,36,7c4a7c99-436a-4ad3-93eb-75a098246cc0,1,Akaki Kaliti,15539,0,,14,Oromia,7977969.48095703,13797.0985333016,14,Addis Abeba,001,140101101001,01/03,0,,1,01,7c4a7c99-436a-4ad3-93eb-75a098246cc0
2024-07-22,0.0,36,7c4a7c99-436a-4ad3-93eb-75a098246cc0,1,Akaki Kaliti,15539,0,,14,Oromia,7977969.48095703,13797.0985333016,14,Addis Abeba,001,140101101001,01/03,0,,1,01,7c4a7c99-436a-4ad3-93eb-75a098246cc0
2024-07-23,17.963647842407227,36,7c4a7c99-436a-4ad3-93eb-75a098246cc0,1,Akaki Kaliti,15539,0,,14,Oromia,7977969.48095703,13797.0985333016,14,Addis Abeba,001,140101101001,01/03,0,,1,01,7c4a7c99-436a-4ad3-93eb-75a098246cc0
2024-07-24,5.987882614135742,36,7c4a7c99-436a-4ad3-93eb-75a098246cc0,1,Akaki Kaliti,15539,0,,14,Oromia,7977969.48095703,13797.0985333016,14,Addis Abeba,001,140101101001,01/03,0,,1,01,7c4a7c99-436a-4ad3-93eb-75a098246cc0
2024-07-25,11.975765228271484,36,7c4a7c99-436a-4ad3-93eb-75a098246cc0,1,Akaki Kaliti,15539,0,,14,Oromia,7977969.48095703,13797.0985333016,14,Addis Abeba,001,140101101001,01/03,0,,1,01,7c4a7c99-436a-4ad3-93eb-75a098246cc0
2024-07-26,0.0,36,7c4a7c99-436a-4ad3-93eb-75a098246cc0,1,Akaki Kaliti,15539,0,,14,Oromia,7977969.48095703,13797.0985333016,14,Addis Abeba,001,140101101001,01/03,0,,1,01,7c4a7c99-436a-4ad3-93eb-75a098246cc0
2024-07-27,0.0,36,7c4a7c99-436a-4ad3-93eb-75a098246cc0,1,Akaki Kaliti,15539,0,,14,Oromia,7977969.48095703,13797.0985333016,14,Addis Abeba,001,140101101001,01/03,0,,1,01,7c4a7c99-436a-4ad3-93eb-75a098246cc0
2024-07-28,6.871647834777832,36,7c4a7c99-436a-4ad3-93eb-75a098246cc0,1,Akaki Kaliti,15539,0,,14,Oromia,7977969.48095703,13797.0985333016,14,Addis Abeba,001,140101101001,01/03,0,,1,01,7c4a7c99-436a-4ad3-93eb-75a098246cc0
2024-07-29,0.0,36,7c4a7c99-436a-4ad3-93eb-75a098246cc0,1,Akaki Kaliti,15539,0,,14,Oromia,7977969.48095703,13797.0985333016,14,Addis Abeba,001,140101101001,01/03,0,,1,01,7c4a7c99-436a-4ad3-93eb-75a098246cc0
2024-07-30,6.871647834777832,36,7c4a7c99-436a-4ad3-93eb-75a098246cc0,1,Akaki Kaliti,15539,0,,14,Oromia,7977969.48095703,13797.0985333016,14,Addis Abeba,001,140101101001,01/03,0,,1,01,7c4a7c99-436a-4ad3-93eb-75a098246cc0
2024-07-31,6.871647834777832,36,7c4a7c99-436a-4ad3-93eb-75a098246cc0,1,Akaki Kaliti,15539,0,,14,Oromia,7977969.48095703,13797.0985333016,14,Addis Abeba,001,140101101001,01/03,0,,1,01,7c4a7c99-436a-4ad3-93eb-75a098246cc0
2024-08-01,6.346045970916748,36,7c4a7c99-436a-4ad3-93eb-75a098246cc0,1,Akaki Kaliti,15539,0,,14,Oromia,7977969.48095703,13797.0985333016,14,Addis Abeba,001,140101101001,01/03,0,,1,01,7c4a7c99-436a-4ad3-93eb-75a098246cc0
2024-08-02,6.346045970916748,36,7c4a7c99-436a-4ad3-93eb-75a098246cc0,1,Akaki Kaliti,15539,0,,14,Oromia,7977969.48095703,13797.0985333016,14,Addis Abeba,001,140101101001,01/03,0,,1,01,7c4a7c99-436a-4ad3-93eb-75a098246cc0
2024-08-03,12.692091941833496,36,7c4a7c99-436a-4ad3-93eb-75a098246cc0,1,Akaki Kaliti,15539,0,,14,Oromia,7977969.48095703,13797.0985333016,14,Addis Abeba,001,140101101001,01/03,0,,1,01,7c4a7c99-436a-4ad3-93eb-75a098246cc0
2024-08-04,6.346045970916748,36,7c4a7c99-436a-4ad3-93eb-75a098246cc0,1,Akaki Kaliti,15539,0,,14,Oromia,7977969.48095703,13797.0985333016,14,Addis Abeba,001,140101101001,01/03,0,,1,01,7c4a7c99-436a-4ad3-93eb-75a098246cc0
2024-08-05,0.0,36,7c4a7c99-436a-4ad3-93eb-75a098246cc0,1,Akaki Kaliti,15539,0,,14,Oromia,7977969.48095703,13797.0985333016,14,Addis Abeba,001,140101101001,01/03,0,,1,01,7c4a7c99-436a-4ad3-93eb-75a098246cc0
2024-08-06,0.0,36,7c4a7c99-436a-4ad3-93eb-75a098246cc0,1,Akaki Kaliti,15539,0,,14,Oromia,7977969.48095703,13797.0985333016,14,Addis Abeba,001,140101101001,01/03,0,,1,01,7c4a7c99-436a-4ad3-93eb-75a098246cc0
2024-08-07,0.0,36,7c4a7c99-436a-4ad3-93eb-75a098246cc0,1,Akaki Kaliti,15539,0,,14,Oromia,7977969.48095703,13797.0985333016,14,Addis Abeba,001,140101101001,01/03,0,,1,01,7c4a7c99-436a-4ad3-93eb-75a098246cc0
2024-08-08,0.0,36,7c4a7c99-436a-4ad3-93eb-75a098246cc0,1,Akaki Kaliti,15539,0,,14,Oromia,7977969.48095703,13797.0985333016,14,Addis Abeba,001,140101101001,01/03,0,,1,01,7c4a7c99-436a-4ad3-93eb-75a098246cc0
2024-08-09,0.0,36,7c4a7c99-436a-4ad3-93eb-75a098246cc0,1,Akaki Kaliti,15539,0,,14,Oromia,7977969.48095703,13797.0985333016,14,Addis Abeba,001,140101101001,01/03,0,,1,01,7c4a7c99-436a-4ad3-93eb-75a098246cc0
2024-08-10,0.0,36,7c4a7c99-436a-4ad3-93eb-75a098246cc0,1,Akaki Kaliti,15539,0,,14,Oromia,7977969.48095703,13797.0985333016,14,Addis Abeba,001,140101101001,01/03,0,,1,01,7c4a7c99-436a-4ad3-93eb-75a098246cc0
2024-08-11,0.0,36,7c4a7c99-436a-4ad3-93eb-75a098246cc0,1,Akaki Kaliti,15539,0,,14,Oromia,7977969.48095703,13797.0985333016,14,Addis Abeba,001,140101101001,01/03,0,,1,01,7c4a7c99-436a-4ad3-93eb-75a098246cc0
2024-08-12,0.0,36,7c4a7c99-436a-4ad3-93eb-75a098246cc0,1,Akaki Kaliti,15539,0,,14,Oromia,7977969.48095703,13797.0985333016,14,Addis Abeba,001,140101101001,01/03,0,,1,01,7c4a7c99-436a-4ad3-93eb-75a098246cc0
2024-08-13,33.399112701416016,36,7c4a7c99-436a-4ad3-93eb-75a098246cc0,1,Akaki Kaliti,15539,0,,14,Oromia,7977969.48095703,13797.0985333016,14,Addis Abeba,001,140101101001,01/03,0,,1,01,7c4a7c99-436a-4ad3-93eb-75a098246cc0
2024-08-14,11.133037567138672,36,7c4a7c99-436a-4ad3-93eb-75a098246cc0,1,Akaki Kaliti,15539,0,,14,Oromia,7977969.48095703,13797.0985333016,14,Addis Abeba,001,140101101001,01/03,0,,1,01,7c4a7c99-436a-4ad3-93eb-75a098246cc0
2024-08-15,11.133037567138672,36,7c4a7c99-436a-4ad3-93eb-75a098246cc0,1,Akaki Kaliti,15539,0,,14,Oromia,7977969.48095703,13797.0985333016,14,Addis Abeba,001,140101101001,01/03,0,,1,01,7c4a7c99-436a-4ad3-93eb-75a098246cc0
2024-08-16,38.701866149902344,36,7c4a7c99-436a-4ad3-93eb-75a098246cc0,1,Akaki Kaliti,15539,0,,14,Oromia,7977969.48095703,13797.0985333016,14,Addis Abeba,001,140101101001,01/03,0,,1,01,7c4a7c99-436a-4ad3-93eb-75a098246cc0
2024-08-17,0.0,36,7c4a7c99-436a-4ad3-93eb-75a098246cc0,1,Akaki Kaliti,15539,0,,14,Oromia,7977969.48095703,13797.0985333016,14,Addis Abeba,001,140101101001,01/03,0,,1,01,7c4a7c99-436a-4ad3-93eb-75a098246cc0
2024-08-18,0.0,36,7c4a7c99-436a-4ad3-93eb-75a098246cc0,1,Akaki Kaliti,15539,0,,14,Oromia,7977969.48095703,13797.0985333016,14,Addis Abeba,001,140101101001,01/03,0,,1,01,7c4a7c99-436a-4ad3-93eb-75a098246cc0
2024-08-19,12.900622367858887,36,7c4a7c99-436a-4ad3-93eb-75a098246cc0,1,Akaki Kaliti,15539,0,,14,Oromia,7977969.48095703,13797.0985333016,14,Addis Abeba,001,140101101001,01/03,0,,1,01,7c4a7c99-436a-4ad3-93eb-75a098246cc0
2024-08-20,0.0,36,7c4a7c99-436a-4ad3-93eb-75a098246cc0,1,Akaki Kaliti,15539,0,,14,Oromia,7977969.48095703,13797.0985333016,14,Addis Abeba,001,140101101001,01/03,0,,1,01,7c4a7c99-436a-4ad3-93eb-75a098246cc0
2024-08-21,9.581829071044922,36,7c4a7c99-436a-4ad3-93eb-75a098246cc0,1,Akaki Kaliti,15539,0,,14,Oromia,7977969.48095703,13797.0985333016,14,Addis Abeba,001,140101101001,01/03,0,,1,01,7c4a7c99-436a-4ad3-93eb-75a098246cc0
2024-08-22,3.9729959964752197,36,7c4a7c99-436a-4ad3-93eb-75a098246cc0,1,Akaki Kaliti,15539,0,,14,Oromia,7977969.48095703,13797.0985333016,14,Addis Abeba,001,140101101001,01/03,0,,1,01,7c4a7c99-436a-4ad3-93eb-75a098246cc0
2024-08-23,8.246432304382324,36,7c4a7c99-436a-4ad3-93eb-75a098246cc0,1,Akaki Kaliti,15539,0,,14,Oromia,7977969.48095703,13797.0985333016,14,Addis Abeba,001,140101101001,01/03,0,,1,01,7c4a7c99-436a-4ad3-93eb-75a098246cc0
2024-08-24,4.239578723907471,36,7c4a7c99-436a-4ad3-93eb-75a098246cc0,1,Akaki Kaliti,15539,0,,14,Oromia,7977969.48095703,13797.0985333016,14,Addis Abeba,001,140101101001,01/03,0,,1,01,7c4a7c99-436a-4ad3-93eb-75a098246cc0
2024-08-25,4.433945655822754,36,7c4a7c99-436a-4ad3-93eb-75a098246cc0,1,Akaki Kaliti,15539,0,,14,Oromia,7977969.48095703,13797.0985333016,14,Addis Abeba,001,140101101001,01/03,0,,1,01,7c4a7c99-436a-4ad3-93eb-75a098246cc0
2024-08-26,6.696610927581787,36,7c4a7c99-436a-4ad3-93eb-75a098246cc0,1,Akaki Kaliti,15539,0,,14,Oromia,7977969.48095703,13797.0985333016,14,Addis Abeba,001,140101101001,01/03,0,,1,01,7c4a7c99-436a-4ad3-93eb-75a098246cc0
2024-08-27,11.113893508911133,36,7c4a7c99-436a-4ad3-93eb-75a098246cc0,1,Akaki Kaliti,15539,0,,14,Oromia,7977969.48095703,13797.0985333016,14,Addis Abeba,001,140101101001,01/03,0,,1,01,7c4a7c99-436a-4ad3-93eb-75a098246cc0
2024-08-28,2.44040584564209,36,7c4a7c99-436a-4ad3-93eb-75a098246cc0,1,Akaki Kaliti,15539,0,,14,Oromia,7977969.48095703,13797.0985333016,14,Addis Abeba,001,140101101001,01/03,0,,1,01,7c4a7c99-436a-4ad3-93eb-75a098246cc0
2024-08-29,9.839970588684082,36,7c4a7c99-436a-4ad3-93eb-75a098246cc0,1,Akaki Kaliti,15539,0,,14,Oromia,7977969.48095703,13797.0985333016,14,Addis Abeba,001,140101101001,01/03,0,,1,01,7c4a7c99-436a-4ad3-93eb-75a098246cc0
2024-08-30,29.055768966674805,36,7c4a7c99-436a-4ad3-93eb-75a098246cc0,1,Akaki Kaliti,15539,0,,14,Oromia,7977969.48095703,13797.0985333016,14,Addis Abeba,001,140101101001,01/03,0,,1,01,7c4a7c99-436a-4ad3-93eb-75a098246cc0
2024-08-31,11.991384506225586,36,7c4a7c99-436a-4ad3-93eb-75a098246cc0,1,Akaki Kaliti,15539,0,,14,Oromia,7977969.48095703,13797.0985333016,14,Addis Abeba,001,140101101001,01/03,0,,1,01,7c4a7c99-436a-4ad3-93eb-75a098246cc0
2024-09-01,0.0,36,7c4a7c99-436a-4ad3-93eb-75a098246cc0,1,Akaki Kaliti,15539,0,,14,Oromia,7977969.48095703,13797.0985333016,14,Addis Abeba,001,140101101001,01/03,0,,1,01,7c4a7c99-436a-4ad3-93eb-75a098246cc0
2024-09-02,24.832616806030273,36,7c4a7c99-436a-4ad3-93eb-75a098246cc0,1,Akaki Kaliti,15539,0,,14,Oromia,7977969.48095703,13797.0985333016,14,Addis Abeba,001,140101101001,01/03,0,,1,01,7c4a7c99-436a-4ad3-93eb-75a098246cc0
2024-09-03,0.0,36,7c4a7c99-436a-4ad3-93eb-75a098246cc0,1,Akaki Kaliti,15539,0,,14,Oromia,7977969.48095703,13797.0985333016,14,Addis Abeba,001,140101101001,01/03,0,,1,01,7c4a7c99-436a-4ad3-93eb-75a098246cc0
2024-09-04,24.832616806030273,36,7c4a7c99-436a-4ad3-93eb-75a098246cc0,1,Akaki Kaliti,15539,0,,14,Oromia,7977969.48095703,13797.0985333016,14,Addis Abeba,001,140101101001,01/03,0,,1,01,7c4a7c99-436a-4ad3-93eb-75a098246cc0
2024-09-05,0.0,36,7c4a7c99-436a-4ad3-93eb-75a098246cc0,1,Akaki Kaliti,15539,0,,14,Oromia,7977969.48095703,13797.0985333016,14,Addis Abeba,001,140101101001,01/03,0,,1,01,7c4a7c99-436a-4ad3-93eb-75a098246cc0
2024-09-06,0.0,36,7c4a7c99-436a-4ad3-93eb-75a098246cc0,1,Akaki Kaliti,15539,0,,14,Oromia,7977969.48095703,13797.0985333016,14,Addis Abeba,001,140101101001,01/03,0,,1,01,7c4a7c99-436a-4ad3-93eb-75a098246cc0
2024-09-07,16.081195831298828,36,7c4a7c99-436a-4ad3-93eb-75a098246cc0,1,Akaki Kaliti,15539,0,,14,Oromia,7977969.48095703,13797.0985333016,14,Addis Abeba,001,140101101001,01/03,0,,1,01,7c4a7c99-436a-4ad3-93eb-75a098246cc0
2024-09-08,0.0,36,7c4a7c99-436a-4ad3-93eb-75a098246cc0,1,Akaki Kaliti,15539,0,,14,Oromia,7977969.48095703,13797.0985333016,14,Addis Abeba,001,140101101001,01/03,0,,1,01,7c4a7c99-436a-4ad3-93eb-75a098246cc0
2024-09-09,16.081195831298828,36,7c4a7c99-436a-4ad3-93eb-75a098246cc0,1,Akaki Kaliti,15539,0,,14,Oromia,7977969.48095703,13797.0985333016,14,Addis Abeba,001,140101101001,01/03,0,,1,01,7c4a7c99-436a-4ad3-93eb-75a098246cc0
2024-09-10,16.081195831298828,36,7c4a7c99-436a-4ad3-93eb-75a098246cc0,1,Akaki Kaliti,15539,0,,14,Oromia,7977969.48095703,13797.0985333016,14,Addis Abeba,001,140101101001,01/03,0,,1,01,7c4a7c99-436a-4ad3-93eb-75a098246cc0
2024-09-11,1.749070644378662,36,7c4a7c99-436a-4ad3-93eb-75a098246cc0,1,Akaki Kaliti,15539,0,,14,Oromia,7977969.48095703,13797.0985333016,14,Addis Abeba,001,140101101001,01/03,0,,1,01,7c4a7c99-436a-4ad3-93eb-75a098246cc0
2024-09-12,3.265568733215332,36,7c4a7c99-436a-4ad3-93eb-75a098246cc0,1,Akaki Kaliti,15539,0,,14,Oromia,7977969.48095703,13797.0985333016,14,Addis Abeba,001,140101101001,01/03,0,,1,01,7c4a7c99-436a-4ad3-93eb-75a098246cc0
2024-09-13,5.074546813964844,36,7c4a7c99-436a-4ad3-93eb-75a098246cc0,1,Akaki Kaliti,15539,0,,14,Oromia,7977969.48095703,13797.0985333016,14,Addis Abeba,001,140101101001,01/03,0,,1,01,7c4a7c99-436a-4ad3-93eb-75a098246cc0
2024-09-14,2.2515861988067627,36,7c4a7c99-436a-4ad3-93eb-75a098246cc0,1,Akaki Kaliti,15539,0,,14,Oromia,7977969.48095703,13797.0985333016,14,Addis Abeba,001,140101101001,01/03,0,,1,01,7c4a7c99-436a-4ad3-93eb-75a098246cc0
2024-09-15,0.8612606525421143,36,7c4a7c99-436a-4ad3-93eb-75a098246cc0,1,Akaki Kaliti,15539,0,,14,Oromia,7977969.48095703,13797.0985333016,14,Addis Abeba,001,140101101001,01/03,0,,1,01,7c4a7c99-436a-4ad3-93eb-75a098246cc0
2024-09-16,0.0,36,7c4a7c99-436a-4ad3-93eb-75a098246cc0,1,Akaki Kaliti,15539,0,,14,Oromia,7977969.48095703,13797.0985333016,14,Addis Abeba,001,140101101001,01/03,0,,1,01,7c4a7c99-436a-4ad3-93eb-75a098246cc0
2024-09-17,0.0,36,7c4a7c99-436a-4ad3-93eb-75a098246cc0,1,Akaki Kaliti,15539,0,,14,Oromia,7977969.48095703,13797.0985333016,14,Addis Abeba,001,140101101001,01/03,0,,1,01,7c4a7c99-436a-4ad3-93eb-75a098246cc0
2024-09-18,0.0,36,7c4a7c99-436a-4ad3-93eb-75a098246cc0,1,Akaki Kaliti,15539,0,,14,Oromia,7977969.48095703,13797.0985333016,14,Addis Abeba,001,140101101001,01/03,0,,1,01,7c4a7c99-436a-4ad3-93eb-75a098246cc0
2024-09-19,0.0,36,7c4a7c99-436a-4ad3-93eb-75a098246cc0,1,Akaki Kaliti,15539,0,,14,Oromia,7977969.48095703,13797.0985333016,14,Addis Abeba,001,140101101001,01/03,0,,1,01,7c4a7c99-436a-4ad3-93eb-75a098246cc0
2024-09-20,0.0,36,7c4a7c99-436a-4ad3-93eb-75a098246cc0,1,Akaki Kaliti,15539,0,,14,Oromia,7977969.48095703,13797.0985333016,14,Addis Abeba,001,140101101001,01/03,0,,1,01,7c4a7c99-436a-4ad3-93eb-75a098246cc0
2024-09-21,0.0,36,7c4a7c99-436a-4ad3-93eb-75a098246cc0,1,Akaki Kaliti,15539,0,,14,Oromia,7977969.48095703,13797.0985333016,14,Addis Abeba,001,140101101001,01/03,0,,1,01,7c4a7c99-436a-4ad3-93eb-75a098246cc0
2024-09-22,0.0,36,7c4a7c99-436a-4ad3-93eb-75a098246cc0,1,Akaki Kaliti,15539,0,,14,Oromia,7977969.48095703,13797.0985333016,14,Addis Abeba,001,140101101001,01/03,0,,1,01,7c4a7c99-436a-4ad3-93eb-75a098246cc0
2024-09-23,0.0,36,7c4a7c99-436a-4ad3-93eb-75a098246cc0,1,Akaki Kaliti,15539,0,,14,Oromia,7977969.48095703,13797.0985333016,14,Addis Abeba,001,140101101001,01/03,0,,1,01,7c4a7c99-436a-4ad3-93eb-75a098246cc0
2024-09-24,0.0,36,7c4a7c99-436a-4ad3-93eb-75a098246cc0,1,Akaki Kaliti,15539,0,,14,Oromia,7977969.48095703,13797.0985333016,14,Addis Abeba,001,140101101001,01/03,0,,1,01,7c4a7c99-436a-4ad3-93eb-75a098246cc0
2024-09-25,0.0,36,7c4a7c99-436a-4ad3-93eb-75a098246cc0,1,Akaki Kaliti,15539,0,,14,Oromia,7977969.48095703,13797.0985333016,14,Addis Abeba,001,140101101001,01/03,0,,1,01,7c4a7c99-436a-4ad3-93eb-75a098246cc0
2024-09-26,0.0,36,7c4a7c99-436a-4ad3-93eb-75a098246cc0,1,Akaki Kaliti,15539,0,,14,Oromia,7977969.48095703,13797.0985333016,14,Addis Abeba,001,140101101001,01/03,0,,1,01,7c4a7c99-436a-4ad3-93eb-75a098246cc0
2024-09-27,0.0,36,7c4a7c99-436a-4ad3-93eb-75a098246cc0,1,Akaki Kaliti,15539,0,,14,Oromia,7977969.48095703,13797.0985333016,14,Addis Abeba,001,140101101001,01/03,0,,1,01,7c4a7c99-436a-4ad3-93eb-75a098246cc0
2024-09-28,0.0,36,7c4a7c99-436a-4ad3-93eb-75a098246cc0,1,Akaki Kaliti,15539,0,,14,Oromia,7977969.48095703,13797.0985333016,14,Addis Abeba,001,140101101001,01/03,0,,1,01,7c4a7c99-436a-4ad3-93eb-75a098246cc0
2024-09-29,0.0,36,7c4a7c99-436a-4ad3-93eb-75a098246cc0,1,Akaki Kaliti,15539,0,,14,Oromia,7977969.48095703,13797.0985333016,14,Addis Abeba,001,140101101001,01/03,0,,1,01,7c4a7c99-436a-4ad3-93eb-75a098246cc0
2024-09-30,0.0,36,7c4a7c99-436a-4ad3-93eb-75a098246cc0,1,Akaki Kaliti,15539,0,,14,Oromia,7977969.48095703,13797.0985333016,14,Addis Abeba,001,140101101001,01/03,0,,1,01,7c4a7c99-436a-4ad3-93eb-75a098246cc0
2024-10-01,3.7603442668914795,36,7c4a7c99-436a-4ad3-93eb-75a098246cc0,1,Akaki Kaliti,15539,0,,14,Oromia,7977969.48095703,13797.0985333016,14,Addis Abeba,001,140101101001,01/03,0,,1,01,7c4a7c99-436a-4ad3-93eb-75a098246cc0
2024-10-02,1.178277611732483,36,7c4a7c99-436a-4ad3-93eb-75a098246cc0,1,Akaki Kaliti,15539,0,,14,Oromia,7977969.48095703,13797.0985333016,14,Addis Abeba,001,140101101001,01/03,0,,1,01,7c4a7c99-436a-4ad3-93eb-75a098246cc0
2024-10-03,1.2164455652236938,36,7c4a7c99-436a-4ad3-93eb-75a098246cc0,1,Akaki Kaliti,15539,0,,14,Oromia,7977969.48095703,13797.0985333016,14,Addis Abeba,001,140101101001,01/03,0,,1,01,7c4a7c99-436a-4ad3-93eb-75a098246cc0
2024-10-04,2.029498815536499,36,7c4a7c99-436a-4ad3-93eb-75a098246cc0,1,Akaki Kaliti,15539,0,,14,Oromia,7977969.48095703,13797.0985333016,14,Addis Abeba,001,140101101001,01/03,0,,1,01,7c4a7c99-436a-4ad3-93eb-75a098246cc0
2024-10-05,3.784217357635498,36,7c4a7c99-436a-4ad3-93eb-75a098246cc0,1,Akaki Kaliti,15539,0,,14,Oromia,7977969.48095703,13797.0985333016,14,Addis Abeba,001,140101101001,01/03,0,,1,01,7c4a7c99-436a-4ad3-93eb-75a098246cc0
2024-10-06,0.0,36,7c4a7c99-436a-4ad3-93eb-75a098246cc0,1,Akaki Kaliti,15539,0,,14,Oromia,7977969.48095703,13797.0985333016,14,Addis Abeba,001,140101101001,01/03,0,,1,01,7c4a7c99-436a-4ad3-93eb-75a098246cc0
2024-10-07,5.197888374328613,36,7c4a7c99-436a-4ad3-93eb-75a098246cc0,1,Akaki Kaliti,15539,0,,14,Oromia,7977969.48095703,13797.0985333016,14,Addis Abeba,001,140101101001,01/03,0,,1,01,7c4a7c99-436a-4ad3-93eb-75a098246cc0
2024-10-08,0.0,36,7c4a7c99-436a-4ad3-93eb-75a098246cc0,1,Akaki Kaliti,15539,0,,14,Oromia,7977969.48095703,13797.0985333016,14,Addis Abeba,001,140101101001,01/03,0,,1,01,7c4a7c99-436a-4ad3-93eb-75a098246cc0
2024-10-09,0.0,36,7c4a7c99-436a-4ad3-93eb-75a098246cc0,1,Akaki Kaliti,15539,0,,14,Oromia,7977969.48095703,13797.0985333016,14,Addis Abeba,001,140101101001,01/03,0,,1,01,7c4a7c99-436a-4ad3-93eb-75a098246cc0
2024-10-10,0.0,36,7c4a7c99-436a-4ad3-93eb-75a098246cc0,1,Akaki Kaliti,15539,0,,14,Oromia,7977969.48095703,13797.0985333016,14,Addis Abeba,001,140101101001,01/03,0,,1,01,7c4a7c99-436a-4ad3-93eb-75a098246cc0
2024-10-11,9.792451858520508,36,7c4a7c99-436a-4ad3-93eb-75a098246cc0,1,Akaki Kaliti,15539,0,,14,Oromia,7977969.48095703,13797.0985333016,14,Addis Abeba,001,140101101001,01/03,0,,1,01,7c4a7c99-436a-4ad3-93eb-75a098246cc0
2024-10-12,0.0,36,7c4a7c99-436a-4ad3-93eb-75a098246cc0,1,Akaki Kaliti,15539,0,,14,Oromia,7977969.48095703,13797.0985333016,14,Addis Abeba,001,140101101001,01/03,0,,1,01,7c4a7c99-436a-4ad3-93eb-75a098246cc0
2024-10-13,0.0,36,7c4a7c99-436a-4ad3-93eb-75a098246cc0,1,Akaki Kaliti,15539,0,,14,Oromia,7977969.48095703,13797.0985333016,14,Addis Abeba,001,140101101001,01/03,0,,1,01,7c4a7c99-436a-4ad3-93eb-75a098246cc0
2024-10-14,0.0,36,7c4a7c99-436a-4ad3-93eb-75a098246cc0,1,Akaki Kaliti,15539,0,,14,Oromia,7977969.48095703,13797.0985333016,14,Addis Abeba,001,140101101001,01/03,0,,1,01,7c4a7c99-436a-4ad3-93eb-75a098246cc0
2024-10-15,0.0,36,7c4a7c99-436a-4ad3-93eb-75a098246cc0,1,Akaki Kaliti,15539,0,,14,Oromia,7977969.48095703,13797.0985333016,14,Addis Abeba,001,140101101001,01/03,0,,1,01,7c4a7c99-436a-4ad3-93eb-75a098246cc0
2024-10-16,0.0,36,7c4a7c99-436a-4ad3-93eb-75a098246cc0,1,Akaki Kaliti,15539,0,,14,Oromia,7977969.48095703,13797.0985333016,14,Addis Abeba,001,140101101001,01/03,0,,1,01,7c4a7c99-436a-4ad3-93eb-75a098246cc0
2024-10-17,0.0,36,7c4a7c99-436a-4ad3-93eb-75a098246cc0,1,Akaki Kaliti,15539,0,,14,Oromia,7977969.48095703,13797.0985333016,14,Addis Abeba,001,140101101001,01/03,0,,1,01,7c4a7c99-436a-4ad3-93eb-75a098246cc0
2024-10-18,0.0,36,7c4a7c99-436a-4ad3-93eb-75a098246cc0,1,Akaki Kaliti,15539,0,,14,Oromia,7977969.48095703,13797.0985333016,14,Addis Abeba,001,140101101001,01/03,0,,1,01,7c4a7c99-436a-4ad3-93eb-75a098246cc0
2024-10-19,0.0,36,7c4a7c99-436a-4ad3-93eb-75a098246cc0,1,Akaki Kaliti,15539,0,,14,Oromia,7977969.48095703,13797.0985333016,14,Addis Abeba,001,140101101001,01/03,0,,1,01,7c4a7c99-436a-4ad3-93eb-75a098246cc0
2024-10-20,0.0,36,7c4a7c99-436a-4ad3-93eb-75a098246cc0,1,Akaki Kaliti,15539,0,,14,Oromia,7977969.48095703,13797.0985333016,14,Addis Abeba,001,140101101001,01/03,0,,1,01,7c4a7c99-436a-4ad3-93eb-75a098246cc0
2024-10-21,0.0,36,7c4a7c99-436a-4ad3-93eb-75a098246cc0,1,Akaki Kaliti,15539,0,,14,Oromia,7977969.48095703,13797.0985333016,14,Addis Abeba,001,140101101001,01/03,0,,1,01,7c4a7c99-436a-4ad3-93eb-75a098246cc0
2024-10-22,0.0,36,7c4a7c99-436a-4ad3-93eb-75a098246cc0,1,Akaki Kaliti,15539,0,,14,Oromia,7977969.48095703,13797.0985333016,14,Addis Abeba,001,140101101001,01/03,0,,1,01,7c4a7c99-436a-4ad3-93eb-75a098246cc0
2024-10-23,0.0,36,7c4a7c99-436a-4ad3-93eb-75a098246cc0,1,Akaki Kaliti,15539,0,,14,Oromia,7977969.48095703,13797.0985333016,14,Addis Abeba,001,140101101001,01/03,0,,1,01,7c4a7c99-436a-4ad3-93eb-75a098246cc0
2024-10-24,0.0,36,7c4a7c99-436a-4ad3-93eb-75a098246cc0,1,Akaki Kaliti,15539,0,,14,Oromia,7977969.48095703,13797.0985333016,14,Addis Abeba,001,140101101001,01/03,0,,1,01,7c4a7c99-436a-4ad3-93eb-75a098246cc0
2024-10-25,0.0,36,7c4a7c99-436a-4ad3-93eb-75a098246cc0,1,Akaki Kaliti,15539,0,,14,Oromia,7977969.48095703,13797.0985333016,14,Addis Abeba,001,140101101001,01/03,0,,1,01,7c4a7c99-436a-4ad3-93eb-75a098246cc0
2024-10-26,0.0,36,7c4a7c99-436a-4ad3-93eb-75a098246cc0,1,Akaki Kaliti,15539,0,,14,Oromia,7977969.48095703,13797.0985333016,14,Addis Abeba,001,140101101001,01/03,0,,1,01,7c4a7c99-436a-4ad3-93eb-75a098246cc0
2024-10-27,0.0,36,7c4a7c99-436a-4ad3-93eb-75a098246cc0,1,Akaki Kaliti,15539,0,,14,Oromia,7977969.48095703,13797.0985333016,14,Addis Abeba,001,140101101001,01/03,0,,1,01,7c4a7c99-436a-4ad3-93eb-75a098246cc0
2024-10-28,0.0,36,7c4a7c99-436a-4ad3-93eb-75a098246cc0,1,Akaki Kaliti,15539,0,,14,Oromia,7977969.48095703,13797.0985333016,14,Addis Abeba,001,140101101001,01/03,0,,1,01,7c4a7c99-436a-4ad3-93eb-75a098246cc0
2024-10-29,0.0,36,7c4a7c99-436a-4ad3-93eb-75a098246cc0,1,Akaki Kaliti,15539,0,,14,Oromia,7977969.48095703,13797.0985333016,14,Addis Abeba,001,140101101001,01/03,0,,1,01,7c4a7c99-436a-4ad3-93eb-75a098246cc0
2024-10-30,0.0,36,7c4a7c99-436a-4ad3-93eb-75a098246cc0,1,Akaki Kaliti,15539,0,,14,Oromia,7977969.48095703,13797.0985333016,14,Addis Abeba,001,140101101001,01/03,0,,1,01,7c4a7c99-436a-4ad3-93eb-75a098246cc0
2024-10-31,0.0,36,7c4a7c99-436a-4ad3-93eb-75a098246cc0,1,Akaki Kaliti,15539,0,,14,Oromia,7977969.48095703,13797.0985333016,14,Addis Abeba,001,140101101001,01/03,0,,1,01,7c4a7c99-436a-4ad3-93eb-75a098246cc0
2024-11-01,4.20350456237793,36,7c4a7c99-436a-4ad3-93eb-75a098246cc0,1,Akaki Kaliti,15539,0,,14,Oromia,7977969.48095703,13797.0985333016,14,Addis Abeba,001,140101101001,01/03,0,,1,01,7c4a7c99-436a-4ad3-93eb-75a098246cc0
2024-11-02,0.0,36,7c4a7c99-436a-4ad3-93eb-75a098246cc0,1,Akaki Kaliti,15539,0,,14,Oromia,7977969.48095703,13797.0985333016,14,Addis Abeba,001,140101101001,01/03,0,,1,01,7c4a7c99-436a-4ad3-93eb-75a098246cc0
2024-11-03,0.0,36,7c4a7c99-436a-4ad3-93eb-75a098246cc0,1,Akaki Kaliti,15539,0,,14,Oromia,7977969.48095703,13797.0985333016,14,Addis Abeba,001,140101101001,01/03,0,,1,01,7c4a7c99-436a-4ad3-93eb-75a098246cc0
2024-11-04,0.0,36,7c4a7c99-436a-4ad3-93eb-75a098246cc0,1,Akaki Kaliti,15539,0,,14,Oromia,7977969.48095703,13797.0985333016,14,Addis Abeba,001,140101101001,01/03,0,,1,01,7c4a7c99-436a-4ad3-93eb-75a098246cc0
2024-11-05,0.0,36,7c4a7c99-436a-4ad3-93eb-75a098246cc0,1,Akaki Kaliti,15539,0,,14,Oromia,7977969.48095703,13797.0985333016,14,Addis Abeba,001,140101101001,01/03,0,,1,01,7c4a7c99-436a-4ad3-93eb-75a098246cc0
2024-11-06,0.0,36,7c4a7c99-436a-4ad3-93eb-75a098246cc0,1,Akaki Kaliti,15539,0,,14,Oromia,7977969.48095703,13797.0985333016,14,Addis Abeba,001,140101101001,01/03,0,,1,01,7c4a7c99-436a-4ad3-93eb-75a098246cc0
2024-11-07,0.0,36,7c4a7c99-436a-4ad3-93eb-75a098246cc0,1,Akaki Kaliti,15539,0,,14,Oromia,7977969.48095703,13797.0985333016,14,Addis Abeba,001,140101101001,01/03,0,,1,01,7c4a7c99-436a-4ad3-93eb-75a098246cc0
2024-11-08,0.0,36,7c4a7c99-436a-4ad3-93eb-75a098246cc0,1,Akaki Kaliti,15539,0,,14,Oromia,7977969.48095703,13797.0985333016,14,Addis Abeba,001,140101101001,01/03,0,,1,01,7c4a7c99-436a-4ad3-93eb-75a098246cc0
2024-11-09,0.0,36,7c4a7c99-436a-4ad3-93eb-75a098246cc0,1,Akaki Kaliti,15539,0,,14,Oromia,7977969.48095703,13797.0985333016,14,Addis Abeba,001,140101101001,01/03,0,,1,01,7c4a7c99-436a-4ad3-93eb-75a098246cc0
2024-11-10,0.0,36,7c4a7c99-436a-4ad3-93eb-75a098246cc0,1,Akaki Kaliti,15539,0,,14,Oromia,7977969.48095703,13797.0985333016,14,Addis Abeba,001,140101101001,01/03,0,,1,01,7c4a7c99-436a-4ad3-93eb-75a098246cc0
2024-11-11,0.0,36,7c4a7c99-436a-4ad3-93eb-75a098246cc0,1,Akaki Kaliti,15539,0,,14,Oromia,7977969.48095703,13797.0985333016,14,Addis Abeba,001,140101101001,01/03,0,,1,01,7c4a7c99-436a-4ad3-93eb-75a098246cc0
2024-11-12,0.0,36,7c4a7c99-436a-4ad3-93eb-75a098246cc0,1,Akaki Kaliti,15539,0,,14,Oromia,7977969.48095703,13797.0985333016,14,Addis Abeba,001,140101101001,01/03,0,,1,01,7c4a7c99-436a-4ad3-93eb-75a098246cc0
2024-11-13,0.0,36,7c4a7c99-436a-4ad3-93eb-75a098246cc0,1,Akaki Kaliti,15539,0,,14,Oromia,7977969.48095703,13797.0985333016,14,Addis Abeba,001,140101101001,01/03,0,,1,01,7c4a7c99-436a-4ad3-93eb-75a098246cc0
2024-11-14,0.0,36,7c4a7c99-436a-4ad3-93eb-75a098246cc0,1,Akaki Kaliti,15539,0,,14,Oromia,7977969.48095703,13797.0985333016,14,Addis Abeba,001,140101101001,01/03,0,,1,01,7c4a7c99-436a-4ad3-93eb-75a098246cc0
2024-11-15,0.0,36,7c4a7c99-436a-4ad3-93eb-75a098246cc0,1,Akaki Kaliti,15539,0,,14,Oromia,7977969.48095703,13797.0985333016,14,Addis Abeba,001,140101101001,01/03,0,,1,01,7c4a7c99-436a-4ad3-93eb-75a098246cc0
2024-11-16,0.0,36,7c4a7c99-436a-4ad3-93eb-75a098246cc0,1,Akaki Kaliti,15539,0,,14,Oromia,7977969.48095703,13797.0985333016,14,Addis Abeba,001,140101101001,01/03,0,,1,01,7c4a7c99-436a-4ad3-93eb-75a098246cc0
2024-11-17,0.0,36,7c4a7c99-436a-4ad3-93eb-75a098246cc0,1,Akaki Kaliti,15539,0,,14,Oromia,7977969.48095703,13797.0985333016,14,Addis Abeba,001,140101101001,01/03,0,,1,01,7c4a7c99-436a-4ad3-93eb-75a098246cc0
2024-11-18,0.0,36,7c4a7c99-436a-4ad3-93eb-75a098246cc0,1,Akaki Kaliti,15539,0,,14,Oromia,7977969.48095703,13797.0985333016,14,Addis Abeba,001,140101101001,01/03,0,,1,01,7c4a7c99-436a-4ad3-93eb-75a098246cc0
2024-11-19,2.3571786880493164,36,7c4a7c99-436a-4ad3-93eb-75a098246cc0,1,Akaki Kaliti,15539,0,,14,Oromia,7977969.48095703,13797.0985333016,14,Addis Abeba,001,140101101001,01/03,0,,1,01,7c4a7c99-436a-4ad3-93eb-75a098246cc0
2024-11-20,0.0,36,7c4a7c99-436a-4ad3-93eb-75a098246cc0,1,Akaki Kaliti,15539,0,,14,Oromia,7977969.48095703,13797.0985333016,14,Addis Abeba,001,140101101001,01/03,0,,1,01,7c4a7c99-436a-4ad3-93eb-75a098246cc0
2024-11-21,0.0,36,7c4a7c99-436a-4ad3-93eb-75a098246cc0,1,Akaki Kaliti,15539,0,,14,Oromia,7977969.48095703,13797.0985333016,14,Addis Abeba,001,140101101001,01/03,0,,1,01,7c4a7c99-436a-4ad3-93eb-75a098246cc0
2024-11-22,0.0,36,7c4a7c99-436a-4ad3-93eb-75a098246cc0,1,Akaki Kaliti,15539,0,,14,Oromia,7977969.48095703,13797.0985333016,14,Addis Abeba,001,140101101001,01/03,0,,1,01,7c4a7c99-436a-4ad3-93eb-75a098246cc0
2024-11-23,0.0,36,7c4a7c99-436a-4ad3-93eb-75a098246cc0,1,Akaki Kaliti,15539,0,,14,Oromia,7977969.48095703,13797.0985333016,14,Addis Abeba,001,140101101001,01/03,0,,1,01,7c4a7c99-436a-4ad3-93eb-75a098246cc0
2024-11-24,0.0,36,7c4a7c99-436a-4ad3-93eb-75a098246cc0,1,Akaki Kaliti,15539,0,,14,Oromia,7977969.48095703,13797.0985333016,14,Addis Abeba,001,140101101001,01/03,0,,1,01,7c4a7c99-436a-4ad3-93eb-75a098246cc0
2024-11-25,0.0,36,7c4a7c99-436a-4ad3-93eb-75a098246cc0,1,Akaki Kaliti,15539,0,,14,Oromia,7977969.48095703,13797.0985333016,14,Addis Abeba,001,140101101001,01/03,0,,1,01,7c4a7c99-436a-4ad3-93eb-75a098246cc0
2024-11-26,0.0,36,7c4a7c99-436a-4ad3-93eb-75a098246cc0,1,Akaki Kaliti,15539,0,,14,Oromia,7977969.48095703,13797.0985333016,14,Addis Abeba,001,140101101001,01/03,0,,1,01,7c4a7c99-436a-4ad3-93eb-75a098246cc0
2024-11-27,0.0,36,7c4a7c99-436a-4ad3-93eb-75a098246cc0,1,Akaki Kaliti,15539,0,,14,Oromia,7977969.48095703,13797.0985333016,14,Addis Abeba,001,140101101001,01/03,0,,1,01,7c4a7c99-436a-4ad3-93eb-75a098246cc0
2024-11-28,0.0,36,7c4a7c99-436a-4ad3-93eb-75a098246cc0,1,Akaki Kaliti,15539,0,,14,Oromia,7977969.48095703,13797.0985333016,14,Addis Abeba,001,140101101001,01/03,0,,1,01,7c4a7c99-436a-4ad3-93eb-75a098246cc0
2024-11-29,0.0,36,7c4a7c99-436a-4ad3-93eb-75a098246cc0,1,Akaki Kaliti,15539,0,,14,Oromia,7977969.48095703,13797.0985333016,14,Addis Abeba,001,140101101001,01/03,0,,1,01,7c4a7c99-436a-4ad3-93eb-75a098246cc0
2024-11-30,0.0,36,7c4a7c99-436a-4ad3-93eb-75a098246cc0,1,Akaki Kaliti,15539,0,,14,Oromia,7977969.48095703,13797.0985333016,14,Addis Abeba,001,140101101001,01/03,0,,1,01,7c4a7c99-436a-4ad3-93eb-75a098246cc0
2024-12-01,0.0,36,7c4a7c99-436a-4ad3-93eb-75a098246cc0,1,Akaki Kaliti,15539,0,,14,Oromia,7977969.48095703,13797.0985333016,14,Addis Abeba,001,140101101001,01/03,0,,1,01,7c4a7c99-436a-4ad3-93eb-75a098246cc0
2024-12-02,0.0,36,7c4a7c99-436a-4ad3-93eb-75a098246cc0,1,Akaki Kaliti,15539,0,,14,Oromia,7977969.48095703,13797.0985333016,14,Addis Abeba,001,140101101001,01/03,0,,1,01,7c4a7c99-436a-4ad3-93eb-75a098246cc0
2024-12-03,0.0,36,7c4a7c99-436a-4ad3-93eb-75a098246cc0,1,Akaki Kaliti,15539,0,,14,Oromia,7977969.48095703,13797.0985333016,14,Addis Abeba,001,140101101001,01/03,0,,1,01,7c4a7c99-436a-4ad3-93eb-75a098246cc0
2024-12-04,0.0,36,7c4a7c99-436a-4ad3-93eb-75a098246cc0,1,Akaki Kaliti,15539,0,,14,Oromia,7977969.48095703,13797.0985333016,14,Addis Abeba,001,140101101001,01/03,0,,1,01,7c4a7c99-436a-4ad3-93eb-75a098246cc0
2024-12-05,0.0,36,7c4a7c99-436a-4ad3-93eb-75a098246cc0,1,Akaki Kaliti,15539,0,,14,Oromia,7977969.48095703,13797.0985333016,14,Addis Abeba,001,140101101001,01/03,0,,1,01,7c4a7c99-436a-4ad3-93eb-75a098246cc0
2024-12-06,0.0,36,7c4a7c99-436a-4ad3-93eb-75a098246cc0,1,Akaki Kaliti,15539,0,,14,Oromia,7977969.48095703,13797.0985333016,14,Addis Abeba,001,140101101001,01/03,0,,1,01,7c4a7c99-436a-4ad3-93eb-75a098246cc0
2024-12-07,0.0,36,7c4a7c99-436a-4ad3-93eb-75a098246cc0,1,Akaki Kaliti,15539,0,,14,Oromia,7977969.48095703,13797.0985333016,14,Addis Abeba,001,140101101001,01/03,0,,1,01,7c4a7c99-436a-4ad3-93eb-75a098246cc0
2024-12-08,0.0,36,7c4a7c99-436a-4ad3-93eb-75a098246cc0,1,Akaki Kaliti,15539,0,,14,Oromia,7977969.48095703,13797.0985333016,14,Addis Abeba,001,140101101001,01/03,0,,1,01,7c4a7c99-436a-4ad3-93eb-75a098246cc0
2024-12-09,0.0,36,7c4a7c99-436a-4ad3-93eb-75a098246cc0,1,Akaki Kaliti,15539,0,,14,Oromia,7977969.48095703,13797.0985333016,14,Addis Abeba,001,140101101001,01/03,0,,1,01,7c4a7c99-436a-4ad3-93eb-75a098246cc0
2024-12-10,0.0,36,7c4a7c99-436a-4ad3-93eb-75a098246cc0,1,Akaki Kaliti,15539,0,,14,Oromia,7977969.48095703,13797.0985333016,14,Addis Abeba,001,140101101001,01/03,0,,1,01,7c4a7c99-436a-4ad3-93eb-75a098246cc0
2024-12-11,0.0,36,7c4a7c99-436a-4ad3-93eb-75a098246cc0,1,Akaki Kaliti,15539,0,,14,Oromia,7977969.48095703,13797.0985333016,14,Addis Abeba,001,140101101001,01/03,0,,1,01,7c4a7c99-436a-4ad3-93eb-75a098246cc0
2024-12-12,0.0,36,7c4a7c99-436a-4ad3-93eb-75a098246cc0,1,Akaki Kaliti,15539,0,,14,Oromia,7977969.48095703,13797.0985333016,14,Addis Abeba,001,140101101001,01/03,0,,1,01,7c4a7c99-436a-4ad3-93eb-75a098246cc0
2024-12-13,0.0,36,7c4a7c99-436a-4ad3-93eb-75a098246cc0,1,Akaki Kaliti,15539,0,,14,Oromia,7977969.48095703,13797.0985333016,14,Addis Abeba,001,140101101001,01/03,0,,1,01,7c4a7c99-436a-4ad3-93eb-75a098246cc0
2024-12-14,0.0,36,7c4a7c99-436a-4ad3-93eb-75a098246cc0,1,Akaki Kaliti,15539,0,,14,Oromia,7977969.48095703,13797.0985333016,14,Addis Abeba,001,140101101001,01/03,0,,1,01,7c4a7c99-436a-4ad3-93eb-75a098246cc0
2024-12-15,0.0,36,7c4a7c99-436a-4ad3-93eb-75a098246cc0,1,Akaki Kaliti,15539,0,,14,Oromia,7977969.48095703,13797.0985333016,14,Addis Abeba,001,140101101001,01/03,0,,1,01,7c4a7c99-436a-4ad3-93eb-75a098246cc0
2024-12-16,0.0,36,7c4a7c99-436a-4ad3-93eb-75a098246cc0,1,Akaki Kaliti,15539,0,,14,Oromia,7977969.48095703,13797.0985333016,14,Addis Abeba,001,140101101001,01/03,0,,1,01,7c4a7c99-436a-4ad3-93eb-75a098246cc0
2024-12-17,0.0,36,7c4a7c99-436a-4ad3-93eb-75a098246cc0,1,Akaki Kaliti,15539,0,,14,Oromia,7977969.48095703,13797.0985333016,14,Addis Abeba,001,140101101001,01/03,0,,1,01,7c4a7c99-436a-4ad3-93eb-75a098246cc0
2024-12-18,0.0,36,7c4a7c99-436a-4ad3-93eb-75a098246cc0,1,Akaki Kaliti,15539,0,,14,Oromia,7977969.48095703,13797.0985333016,14,Addis Abeba,001,140101101001,01/03,0,,1,01,7c4a7c99-436a-4ad3-93eb-75a098246cc0
2024-12-19,0.0,36,7c4a7c99-436a-4ad3-93eb-75a098246cc0,1,Akaki Kaliti,15539,0,,14,Oromia,7977969.48095703,13797.0985333016,14,Addis Abeba,001,140101101001,01/03,0,,1,01,7c4a7c99-436a-4ad3-93eb-75a098246cc0
2024-12-20,0.0,36,7c4a7c99-436a-4ad3-93eb-75a098246cc0,1,Akaki Kaliti,15539,0,,14,Oromia,7977969.48095703,13797.0985333016,14,Addis Abeba,001,140101101001,01/03,0,,1,01,7c4a7c99-436a-4ad3-93eb-75a098246cc0
2024-12-21,0.0,36,7c4a7c99-436a-4ad3-93eb-75a098246cc0,1,Akaki Kaliti,15539,0,,14,Oromia,7977969.48095703,13797.0985333016,14,Addis Abeba,001,140101101001,01/03,0,,1,01,7c4a7c99-436a-4ad3-93eb-75a098246cc0
2024-12-22,0.0,36,7c4a7c99-436a-4ad3-93eb-75a098246cc0,1,Akaki Kaliti,15539,0,,14,Oromia,7977969.48095703,13797.0985333016,14,Addis Abeba,001,140101101001,01/03,0,,1,01,7c4a7c99-436a-4ad3-93eb-75a098246cc0
2024-12-23,0.0,36,7c4a7c99-436a-4ad3-93eb-75a098246cc0,1,Akaki Kaliti,15539,0,,14,Oromia,7977969.48095703,13797.0985333016,14,Addis Abeba,001,140101101001,01/03,0,,1,01,7c4a7c99-436a-4ad3-93eb-75a098246cc0
2024-12-24,0.0,36,7c4a7c99-436a-4ad3-93eb-75a098246cc0,1,Akaki Kaliti,15539,0,,14,Oromia,7977969.48095703,13797.0985333016,14,Addis Abeba,001,140101101001,01/03,0,,1,01,7c4a7c99-436a-4ad3-93eb-75a098246cc0
2024-12-25,0.0,36,7c4a7c99-436a-4ad3-93eb-75a098246cc0,1,Akaki Kaliti,15539,0,,14,Oromia,7977969.48095703,13797.0985333016,14,Addis Abeba,001,140101101001,01/03,0,,1,01,7c4a7c99-436a-4ad3-93eb-75a098246cc0
2024-12-26,0.0,36,7c4a7c99-436a-4ad3-93eb-75a098246cc0,1,Akaki Kaliti,15539,0,,14,Oromia,7977969.48095703,13797.0985333016,14,Addis Abeba,001,140101101001,01/03,0,,1,01,7c4a7c99-436a-4ad3-93eb-75a098246cc0
2024-12-27,0.0,36,7c4a7c99-436a-4ad3-93eb-75a098246cc0,1,Akaki Kaliti,15539,0,,14,Oromia,7977969.48095703,13797.0985333016,14,Addis Abeba,001,140101101001,01/03,0,,1,01,7c4a7c99-436a-4ad3-93eb-75a098246cc0
2024-12-28,0.0,36,7c4a7c99-436a-4ad3-93eb-75a098246cc0,1,Akaki Kaliti,15539,0,,14,Oromia,7977969.48095703,13797.0985333016,14,Addis Abeba,001,140101101001,01/03,0,,1,01,7c4a7c99-436a-4ad3-93eb-75a098246cc0
2024-12-29,0.0,36,7c4a7c99-436a-4ad3-93eb-75a098246cc0,1,Akaki Kaliti,15539,0,,14,Oromia,7977969.48095703,13797.0985333016,14,Addis Abeba,001,140101101001,01/03,0,,1,01,7c4a7c99-436a-4ad3-93eb-75a098246cc0
2024-12-30,0.0,36,7c4a7c99-436a-4ad3-93eb-75a098246cc0,1,Akaki Kaliti,15539,0,,14,Oromia,7977969.48095703,13797.0985333016,14,Addis Abeba,001,140101101001,01/03,0,,1,01,7c4a7c99-436a-4ad3-93eb-75a098246cc0
